transaction_time,transaction_amount,merchant_score,customer_age,account_balance,daily_transaction_count,weekly_transaction_count,monthly_transaction_count,device_trust_score,location_risk_score,ip_reputation_score,login_frequency,session_duration,failed_login_attempts,avg_purchase_value,payment_velocity,geo_distance_from_home,previous_fraud_score,account_tenure_days,credit_utilization,spending_variance,transaction_hour,weekend_activity_score,international_usage_score,merchant_risk_index,customer_behavior_score,device_change_frequency,billing_shipping_mismatch,velocity_last_24h,risk_signal_strength,fraud_flag,anomaly_score,prediction_label
2.638552663300717,0.2132862878080132,-0.1087632589114636,-0.4238805700551809,0.8327725323250118,-0.9052454560322546,1.747590970302369,0.9648970194839612,-0.9934333570840144,1.6872480180447906,-1.7684769957719702,1.3521957526601611,-1.0034640956472989,1.5566992711089926,-0.1572569298243645,2.170379587509881,0.5470510093799462,0.8278413924082465,0.6829795251294141,0.7501003590015938,-0.3315469619672125,0.812152311390301,0.5517579413240593,0.5665639858134084,-0.7002563985841116,0.5568454435823577,2.318516987118435,0.7665721055286214,-1.432935347787217,0.7285612179861466,1,-0.006655436460557385,Fraud
0.2041685908379341,-0.8846502777848978,-0.4309670051155461,0.2807142743478953,0.2874728621299778,-0.3536157945679414,0.8796214320836214,0.3368607192344671,-1.757754434243396,0.8716555318239053,0.4324836032697529,-1.887251166524106,0.8069029635105632,-1.6699982115589862,0.2224434775261167,-2.292126431265671,-1.3752496119761026,-1.0530422277763647,-2.5300144642026443,1.5712290001099287,0.5171357007501398,-0.0979666704985652,0.5796366368773671,-1.1559160755890512,-1.1970737345983726,-2.573869273421331,-1.6554641959878893,0.078321504728505,0.4145759919908146,-2.221915807808956,1,-0.021242244162716972,Fraud
-0.2995764005105336,-1.2585568130551372,0.2718223088022995,-1.562011320197238,-0.4226576435131919,1.0902307162728675,-0.2581257639668335,-0.7761725533191998,-0.7469417709406972,-0.2303346906022967,-1.5841380917351244,0.8468912125152899,1.3338394756349268,1.1270493628460465,0.3213271612494477,-1.341676381793474,1.7056580851249223,-0.0420818935527244,1.8327375246811868,0.0455258265780448,0.2838493684902375,-2.475051071385948,0.1841735319672969,1.250897753740142,0.2521915747314338,1.2708444568124688,-0.1684929882679514,-1.2702516655109652,0.7140464011879712,-2.8696657496428646,1,-0.005127043184430413,Fraud
-1.618580262780423,-1.395759172771096,-0.9671297473046157,-0.7882467686400418,0.5571088723143186,-2.2173931931495763,0.8450801543481745,-2.256126844814991,0.6313993997905848,-0.4658508565070139,-0.2360767111502203,-1.3920474715180955,-1.877285129806856,0.3238839758113933,0.2302961673831295,-2.3400146263435717,-1.5021105007163642,0.9957581361307228,0.5356838475045552,0.5412113072114689,0.7393895110339138,-0.7345941401156906,2.482258338829761,-1.7849734073554735,0.5046796934466414,-1.6666836380416303,-1.6203162020506483,-0.1784661330413733,1.420566332242929,-0.4605919720783633,1,-0.011418067234557128,Fraud
-0.2679419522987354,3.162280542839889,0.1743377079801317,-0.8586431957813724,-0.3944423764379833,0.1004937299266141,2.082990004238207,-0.5564452710524083,-1.7067027676834077,0.91212508310324,1.5824383042017391,1.646218726529289,-2.131850964640396,0.0941562454662433,0.8083185340187506,-0.4495513170214459,0.3863547766356476,-0.3241687021360844,0.2419910613740139,1.4641460489614282,0.3385402428284981,1.4299204681602495,-0.5862584768396828,0.2288673067227969,-0.3299791890165083,-2.5322843813796463,-0.786011990196187,1.0918735553439325,-0.1134392129899205,1.3120591125452226,1,-0.010156886946314947,Fraud
0.3989157159177169,-1.4078907315736182,0.0803375078319361,-1.7475604455315696,-1.115652739465552,0.923968112111868,-0.1647141105912028,-1.4824216194306103,-0.5764344440885518,0.5454855641279219,-1.6568825634792477,0.508460623770744,-0.3317493884403929,-0.4543385678141267,2.106143055743402,0.2015474862725899,0.5111153657143144,-0.0209780553160884,2.303836609659329,0.2671611281368762,1.2453312827572105,-1.1613680856134705,1.3182785588088548,1.620403808667437,-0.6858813271393408,1.2462038738450216,0.6312349777575836,-1.56003486181037,-0.9254100383106902,-1.0363376209176218,1,-0.009516129000428364,Fraud
-0.2008289920588746,-0.7027463740565266,0.367031660368785,1.1896051399395793,-0.9819150630503718,-0.8161155562975255,-1.3048430393202288,1.0265481301592485,1.8853823282353197,0.1889338763866352,-0.7762535435236485,-0.1158410940905753,1.3382060228437065,-1.595516707260663,-1.0970095339098596,1.9670180481863933,-1.2565005814661026,0.7898634616632815,-2.0240928097649817,0.629828644051593,-0.5073236555288565,2.3911994339436764,-2.1751126578027447,0.2759558055564462,0.8868375904121312,1.1115640598792853,-0.627465731149279,0.5164875434743386,0.9943016619321272,-0.9138120187621448,1,-0.011974932351881018,Fraud
1.2128537387842062,0.7304107950830058,0.6336971474632781,-0.1222439315884926,0.4204508516384657,-2.1029579005926644,1.317089404222051,-3.4360623896680225,-0.4421230940259152,-1.595710553194034,-0.5008511412315233,-0.0741172724121053,-1.1967935339162117,-2.774477242639241,0.207065724141058,2.086439782027896,-0.3512801668500067,0.9593309562258,1.5043848375568862,-1.900037924545798,-0.4572751514783209,-1.2763856116888015,-0.806277037978164,1.7020117011466291,0.2236794864241921,0.788823601045174,-0.0438991059637853,-1.2105526457355438,0.6781156972187059,1.2525753714428214,1,-0.007871249922358381,Fraud
-0.074290027212811,0.8335792568550989,-1.609968246015404,0.3253402601656585,3.205578302955873,-0.4303040242362869,0.4643279073535678,-1.0424874902552304,-2.010273747043388,1.7764852669314797,0.0865056921445452,0.7468655510304957,0.073930770291273,-1.5289398733593895,1.863781976245957,1.0455077050818844,0.2555582794754868,1.2998537198604496,-3.397309131033588,0.2552193363554111,1.1126319311055162,-1.238123014548367,-0.3427403985128425,-0.7709001750950557,-0.7082286518794618,-1.3051286910639752,-1.636933716733504,0.986099319124334,-2.0841269501628386,-0.497930556072823,1,-0.004721545361389634,Fraud
-2.861084027566952,0.2346180994529801,0.6041543339286629,0.928941939361024,0.1901356408079736,-2.521897645278276,-0.9854896273784284,0.8594516339739461,0.0241460099907692,-2.37317681373668,-1.9468459145219232,0.1102189835595292,0.2224215895919523,-0.4061129793187771,0.61355148898121,0.3799043738444326,1.1299368685663072,-2.8854078008153783,-1.2052221772805078,0.253059296710523,-1.0255718668921805,-0.7004540070107369,-2.3700591466522622,2.3254826665110904,0.3681523219799752,0.8724112320222122,0.5449681841058442,0.6490263378868646,-1.0209971908276907,-0.2549295455263758,1,-0.02718449343480117,Fraud
0.5764463052233576,-0.8682723657878723,-0.1052812166803617,1.037905337478045,-0.4565437437608712,-0.8823798740527452,-1.86190385615412,-1.8314041555598324,0.947181805830098,-0.5286326588194085,0.7235770254629594,0.5313572566608089,1.744406394241535,0.5438894983470476,-0.2572387279147675,3.133877973685692,2.0137460696717406,-0.0433881299723728,-1.2198714867875513,-0.1377755763281543,0.4264105419798531,0.1746070651621846,-0.9034889452369484,0.715728246326531,1.9938975407049349,-2.264534705215723,0.1890324183649727,0.0424274031691288,1.0822538512758066,0.3048763975573975,1,-0.0013072609709135485,Fraud
1.6811333210078176,-0.9919547232117932,-0.4665873427675097,-2.101872907283188,-0.6778341813968606,3.06152731832515,-1.3638220804944432,1.8062931338695816,-1.1633642136014917,-0.2734494497709362,1.5990503887615155,-0.1384323233900267,-0.8766787881708221,1.2188617081910835,1.7478664439251768,-0.1371560655339274,-1.5040567334043766,0.8907413676663989,1.145030846941455,1.7663345778458814,0.4674132219151369,1.138690403079392,-0.0118572628953012,-0.3672817189399918,-0.0716355081145279,0.4543610579952714,0.9820739771545642,-0.9025658092782652,-2.434359745551052,-2.187585409067627,1,-0.0028278053377326917,Fraud
-0.1996901403816934,-1.0113128385693662,1.7280195560572007,-0.2942033309831669,0.6241033228216095,0.7146429520536323,0.5020650850250569,0.5073462096496257,-1.2161940601767762,-1.6994068598083705,-1.8428193106690247,-1.0083751107032335,0.4701939777799097,2.639948404593805,1.8740613496342984,1.415107001222606,-1.0996631240208994,1.0389995211702607,0.1294879772323222,-1.3693740502890108,1.7081114552306964,-0.5488514403362835,1.7786179259525838,0.637701081520428,-0.5236876948141945,-1.3845536282383724,0.29644599229116,1.224679646946158,0.1140297502278515,1.0256150731560756,1,-0.003011277049961514,Fraud
-0.2215566840355786,-2.159891988673527,0.6999139950761312,-0.7198518582713447,-0.4848284823921649,0.4807816198327289,0.904955605831134,0.6872854154653223,0.140395304320462,-2.940577871036656,0.7140365027632266,1.9044987446361887,-1.6592463132748063,1.98451498834271,-1.4309178564544685,-0.1867179261527381,1.6478174141126196,-0.8755626131438146,0.3069732650347264,-0.9739107126570188,0.4501269838684619,-0.4746279050270641,0.2051350390453364,-0.8076168630037271,-0.690329222910623,-0.5034419674773101,2.174987396594477,1.9503635249649716,-0.4642965726153116,1.1718039375896188,1,-0.0011134268743736575,Fraud
1.0063617211809608,1.6896972322232915,1.8402455604627743,-0.5131099163745568,2.0831106864993143,1.555601460075008,-0.1628480385760514,-1.039760699631778,1.476133252278913,-1.3713572883552352,-0.5660654955495334,0.8905449382884736,-0.1693020521930065,-1.5352911025537548,-0.4394335067254435,2.5371016177118157,-1.5400015893820638,-0.7677908767003292,1.2594710435621896,2.340474580688624,-0.4829089982264396,-0.7597527779501388,-0.7903753387977488,0.7321930548072206,-1.4080359466533736,-3.720060604366541,0.29981708123035,0.715241234582266,-0.8198719503160563,-0.5125929823970151,1,-0.016495560547542587,Fraud
-0.8014599463419462,-0.3171957585546628,0.1071763825785624,-0.3587395518141593,-1.4109630811808052,0.7819721040788664,-1.3727786757247444,-0.5409951658826667,-1.011504628338927,-1.518488597251759,0.8046023300273468,0.3639418963899252,-2.181061730899511,0.6243611190452955,-1.0791554538208623,-0.3080154809700766,-0.0020091161834824,0.3452873917742366,-1.3466582461857923,-0.0207723733531651,-1.9950630442483137,-2.4131212986994544,0.1687438525603489,0.5638212878910345,-0.921152517710662,-2.0857816337718846,0.0428390079612253,-2.3279250049367666,0.3924548830764555,1.894382010615184,1,-0.0026870064842954844,Fraud
-0.4200379476312042,-1.6571984981954768,0.6858469072455189,0.0745240983834178,-0.7035569779050528,0.0577753626483152,0.6461947195482698,-2.014192098327303,2.4674626966211006,-1.9688833500674228,1.5985839680022875,-0.7786721322279682,-0.0079265264972103,0.4238465524386377,0.265259974055253,1.5839883021938357,0.278454478495212,-0.6488343904538177,1.2231959497279972,2.0578434266803907,0.6090169989623412,0.1288180051658241,0.979219421713746,-0.0886939553546559,0.1726964298580045,2.990327586413263,0.7797779004856584,0.0046788377380809,-1.1450491414898656,0.4512298612508804,1,-0.009849565841659025,Fraud
0.204583424717421,0.6818927402357712,-0.6173227809482804,0.8708009962548219,-0.2792174952432534,-1.4368425656830104,-0.0823919612562851,1.2954178155659442,-2.0665004184973568,0.7358173066841778,0.1575383310148427,2.5927253762423144,2.294766113941297,-1.764139464044305,1.3814551789677765,-0.390373819520675,-0.1944565932429469,-0.5758648478723514,-0.6992682565888864,1.3176831364339954,-2.354190205442581,-0.6650651236923103,0.6763050956327706,-2.038805696752356,-0.2303198329881378,-1.208408017466049,0.2340161623403727,0.0499277344262998,0.9331657765881806,-2.319138812437074,1,-0.0006361693515959943,Fraud
2.190570134262785,-1.133603519297107,-0.3819803501420969,0.743061743519268,-0.1267961141794719,-2.722786045500771,-0.192546710601505,1.234146987461962,-1.3947414423263114,0.2205045132767422,-1.9073614662652976,0.8700296418993061,0.2415642811870814,-0.5680837785526937,-0.4179495312346567,-1.4990680712173838,1.0076320662006533,-0.7993507917571736,0.5002987690277763,-0.9619103738766526,2.198402766491003,1.5596647383309667,2.0737446154796464,2.1905292295583125,-0.6345208597427959,-0.8841312688649476,2.0261345205956798,-0.1410709720336471,0.8332179377799189,-0.6206812822726833,1,-0.0052568382606502095,Fraud
-0.972501718348895,-1.8987217263414955,0.3391656551315137,-3.3939145131666386,1.2983447761622686,1.0320160935408762,-0.9095022020204968,1.588252910067787,2.0607991929342138,-0.2733164712061782,0.4109704405190683,0.1362696345298851,1.5136159813466097,-1.3926323445526287,-0.2273695727003573,0.9193978580606846,0.8135338751954009,-0.0428081782214915,1.392311072969409,0.2334783283108019,0.1137001833825271,0.6970430238556783,-0.0608953219258618,0.0502615665158887,-0.7872919957989238,2.93340299321105,-0.4734128761645877,0.7292444504683356,1.9087238494258023,-1.3428198638455475,1,-0.0014437328512217351,Fraud
-0.905356573740597,-2.676167780247801,1.358343376945219,-1.4083758067569254,-0.3967564442777235,-0.2991619575984337,0.3790842888914738,-0.0049994246843676,0.2136041037638135,0.0973052654377136,-0.548505738891374,1.7334500577914425,-0.7859282963051634,1.1796408136487768,-0.3150911984304455,2.569854722985176,1.7132085690453918,-0.2402336620149225,1.0125772512674167,1.9986838187429607,-0.5628337235239332,-0.3740690453986082,0.3125755284841268,-1.4047004740894065,0.1811440460072226,0.9508205155958388,-1.5267420836357064,-0.7428857761056123,-1.4802989872081214,0.2896674735622347,1,-0.007926960069982225,Fraud
0.2930126894853699,-0.9844898417325126,0.6367432662528422,0.5395471015553636,1.976478068616931,-1.8477862813905228,1.0047858721399117,1.1720217691394883,-1.3756769059075984,0.3320451205198965,0.9981369492180784,0.5518743861200195,-1.0621675013480223,-0.6342485526866101,0.085261315549455,-0.6798768052773331,0.0908691864620146,-0.4654108093526502,-2.149397024721372,0.0618314400331462,1.0411016704108058,-0.8784682477891109,0.2196423278349758,0.8218142466241547,1.068527098352482,-2.011576740075772,-1.6977723240842597,-1.8783219783190952,-0.6558792265738895,0.3678270534849731,1,-0.001598786450067835,Fraud
0.3205439966048501,0.6506091199241131,-1.2536331659860864,-0.1426715648087173,-0.9301215256926054,-0.3924318470238969,-0.4077323710008744,0.3644056027600825,1.9653470376235984,1.7798942693782145,0.3137893059670762,0.6390757083157593,0.7033197353019736,-2.0662647514263,0.6446352617516131,1.9312047520680056,-0.8903136140787982,0.1473795890297141,-2.312094599821091,-0.7246909698786501,0.9506155839042104,3.341503036170862,1.2722127209854952,-0.8409889019711907,1.3343579457449355,0.5529864889659885,0.688900882115366,0.7773554386430921,0.1922956024935811,-0.2115648333664219,1,-0.026558722496133613,Fraud
0.9278683372915824,1.9842822643964395,-0.5277511023929404,0.3611760099648029,-0.4606707215462691,-0.8235803943067119,1.2368217005664708,-1.372928333841409,-0.5425455429359186,-0.6726305323632936,-1.350767336123649,0.1137515325033975,0.2290400155893596,-1.13727680096767,-1.8076085400708664,1.1391806231003865,0.3528336201138126,1.692036308743833,0.3788398439778305,-1.17320315341575,0.7353847898455289,-0.6949155725131243,0.0064825264978098,2.191913295671208,-1.869335835872802,1.2466773965795288,0.0290100831904026,1.7404381193682692,1.5805602105466652,2.882526077119288,1,-0.012341166464114595,Fraud
-0.0538387188906537,0.8221236348275679,-0.6734126198356464,-0.2446628006567613,-2.305496197221768,1.6310947653579837,1.8095772678820097,-1.0839268107941389,-0.6971205852116241,2.464776391050486,-0.799010258161346,-2.477961880197073,-0.2859624703612248,-1.668664446432042,-0.7438735323198199,0.9274098413086924,-2.049194729036874,-0.6677122543232921,0.9085789492141614,0.5566191208627778,0.6913122856613991,1.4142037610448444,-0.6525539437910558,0.4539011901739366,-1.0930159038286122,-0.6581388221307515,1.3215348591643663,0.4705720490600426,2.334542977074153,-0.2772853775359244,1,-0.005099239986722515,Fraud
0.0142484155267207,0.1042452760189748,0.808960412289827,0.3910732233410339,0.6464169571202563,-0.4086413413944802,-1.5611370942507548,2.0818456870704227,-2.607787153584248,-1.6144820744896142,0.2334201370908369,0.2680172938306355,-2.1970198098025984,-2.2061687884552788,-0.0427917707198304,0.6229870098893024,0.2171722733371718,-0.1023645118871501,0.9721527288240932,-1.0259531931587813,-2.848503772192695,-0.8035011681818864,-1.1359148446303922,-0.5242870658029891,0.0280411117795822,0.8480958614219893,-0.0662004016631012,-2.189996914487029,-1.1817822045862294,0.2061557041590376,1,-0.0006891405118144012,Fraud
-2.049370927928451,0.4031563070370189,0.1781637082518136,2.3720276782897325,0.4373629984353424,0.9368452053652644,2.308150207544634,0.5787047478468323,-0.0760601149043698,-2.9129055314975028,-1.354551113417767,0.4165970771699825,0.9692289178444108,-2.0006917012951555,0.7295836003612801,-0.5273677301505093,-1.3185405758012754,1.5631430126316062,0.524742980520159,-0.3396607391153597,-0.2898271537931293,1.7866975463206467,-0.655883062447415,1.5384198497127282,-0.9632874545106256,0.1463953021131921,-1.1979912156747607,1.1373449610352384,-0.4503225827826602,-1.3646177520593787,1,-0.0062659871597333106,Fraud
0.6642897203762936,0.901248952542292,0.4774523523167536,-1.6716283594202472,-2.689887435256255,1.8147175785422247,1.183946076668352,-2.310738335816405,-0.2629401811176454,-0.5673990950038875,0.1972588719720973,0.3008891050777298,0.2224670829047891,-0.4250196525117892,1.1965828328787813,-0.7541371710498556,-0.8973684694537648,-0.4871717777594994,-0.2426471013984682,-0.0723644782218696,0.489514731280222,0.6388998808386732,-0.2362941604664035,-2.3289160960916067,0.0867979376688042,2.087631117526215,1.950886552376672,0.0692286420815811,-0.1770411175625664,-2.3406795855354465,1,-0.0005423992670788857,Fraud
-2.1047059569365683,0.7750074933695769,0.5579869066468688,0.7343851261380466,0.1716064697376428,-1.696566981425765,0.5702711565513078,-0.2402446701353522,-0.3433851854313601,-2.407938103663581,-0.8630615209539255,0.9026125860698614,0.3887186760245964,-1.193147172591542,0.947801453426184,-1.5688159368997967,1.6160772850078982,1.6388733034925904,-0.7902734890175179,-0.1441200335577246,0.5230492590751276,-0.6600977174357086,-0.5971646457791185,-1.9802342176962728,2.0473203574482195,0.7128744748530232,0.4488476408587691,-0.9746820875123554,-0.2196011456793981,1.0491545540039984,1,-0.005749826264758229,Fraud
3.312212137713459,1.0932081810653012,0.5566976395603309,-0.6403454600284235,0.3741873183296856,-0.4549155680462652,-1.0148345755403432,3.258391113313138,2.7062618227930706,-0.6674700563633308,-0.0872042096785619,-0.7388562114923426,0.637421837972902,-0.4669641013416803,2.3729146955561906,0.4750173429361266,-0.8160152585155899,-1.106252812168699,-0.8929138389197633,-1.179753228598309,2.1727508979615946,1.9806966497430027,0.3640178255685315,-0.0943604830837821,-0.7348586597838204,0.8331065773883255,-0.8448292055877207,-0.6882428216569153,-0.8211443328462381,0.7033960653879332,1,-0.007643466751272976,Fraud
0.8909822576845161,1.0178149292278986,0.7385294995564166,0.7575978428519134,1.0671649881678895,-1.8378841067124996,-1.129854359827396,-0.585658257070912,0.6416676322374069,0.7891367630484286,0.2762532496300439,-0.0044442018063818,-1.156713899477985,-2.5400483000259286,0.8359702503753407,-1.578715440681762,1.6804454625979373,-2.228241018170098,0.7600844734966614,-1.7067144624833,-0.7131637576574739,1.3676556424779596,-0.2310304376136897,-0.7415835466563447,-0.0525053441777087,-1.3680008698802466,1.4277752933569865,1.820055785781117,-0.5631934218593647,-2.6460528012851685,1,-0.007826061084292124,Fraud
-2.02332939737511,0.0099813494184434,-0.0592741033446033,0.319875874806498,0.5183085172663678,-0.7253084274070825,-0.5021533328212777,-1.5303889003985236,-2.6493506540253624,0.0991711233457521,1.668254566866846,0.6372043300237966,2.7145764358756344,1.2734223465084864,-1.268280928743671,0.9259936545471528,0.1796152340002092,2.3900177270962164,-1.1404382130232964,-0.2457375686487511,-0.6922971385203419,-1.5666830503908824,-0.6796829361142328,-0.0367812545570957,-0.8192156789348132,-0.81248126585573,-1.1175891748426183,1.737117939747166,-0.4342271137332216,0.8943271838277466,1,-0.005266176700145675,Fraud
1.3277240230909009,2.3827176597435384,-1.6722522877843544,0.8658394558762775,-0.3310076670480105,0.4795814907265877,-0.3743247939681297,-0.8560266781677435,0.0551796500597358,0.3828019816802344,1.651591734577948,-1.463058921058204,-0.1058954566761043,-1.1720175246565538,-0.5422462587908607,0.5121856215332002,-0.3378887538431688,0.3082482111878348,1.5208057483810062,-0.6455366067155571,-1.4631662157931218,-1.0050539596086838,-0.2632952678023702,-3.534082484489544,0.3707117879105144,3.0725613921356247,-1.9506387962050653,-1.430541508642829,-0.2436883540276641,1.0116818119956743,1,-0.011943301517701788,Fraud
-0.2427508710104567,-0.8429728398417874,0.3087947538048283,0.5905213278924686,2.32436697593353,-0.6129046478268638,0.7942517729825935,-0.4536072731611963,-0.352674313342716,0.3135692185571883,-0.759703772771238,1.7313661433419305,-1.1224922375542945,0.5035800057774618,0.5747514850612202,1.10342691494623,0.7272816547043456,0.3257668907300837,2.0448616457107422,-1.256359804413368,0.9687901062180564,2.590262211912344,-0.6954111429036968,2.3742369611234384,1.808108378790645,1.362059534005304,0.2196478929372999,-0.1208949619965747,1.0843720761233044,-0.3827848823171879,1,-0.02070438571226335,Fraud
1.606524465420418,0.5335452744963632,-0.4165283611263068,-0.9941485960270044,-1.293601831154678,1.710522042942887,0.6543311086051665,1.1924436008536532,-1.263902079824685,-1.207888122058658,-0.050703477685477,0.4504675527524888,-0.9109826994338938,0.5766291396731602,0.7156660147683082,1.6576446635769764,0.7907481614555905,1.3081838841832865,1.9491967000258497,0.6200611900823207,-0.8782434518918079,1.212008973182494,0.7865001959702618,1.7390915573109984,-2.2325901617453217,-0.2235473168106294,1.1753557721289123,-1.5867308726269111,-0.3968041916594605,-0.711347757983081,1,-0.0058106926807272585,Fraud
-1.3188593444337582,-0.8629952630463587,1.8527978452737823,-0.5084366297680734,-0.2765991412369424,1.133976004436731,0.1714007682446104,-0.8667493531777127,1.6782271629924286,-0.2068299134951764,1.511166650649915,1.875061127263792,2.075496385796205,0.5209293438904965,0.950106325031746,1.965226915626064,-0.6613083631084966,1.8706954253128567,1.5623750102052427,-0.8603588384073678,-0.5659676998819154,1.456324807563991,-1.0922544166914885,0.2239765797750893,1.204653410024729,-1.5381465183735905,-0.1606222755770455,-2.6975343656970203,-0.326781545256488,-1.4532532616393876,1,-0.029943590285288202,Fraud
-0.8564128876752283,-0.4033089708597844,0.4796724069627308,-0.0538409590894307,1.8397007041184532,-1.6963863802083583,1.00933461269313,0.290236281614891,1.3940095601752318,-2.7205661633832268,0.1492569203647992,0.5321738635577047,0.1524999736807667,-2.4244402251608186,-0.936865633946827,-0.6314792043932687,-1.472039199575658,-1.269650404682489,-0.5994761794813531,-0.7601945628902467,-1.2101092903007746,1.7278627773013648,0.4303230297698154,0.5787838135850067,0.6019493208973512,1.873713661535508,1.183865653651007,-1.3680126627380582,-0.3156955806284391,2.0245410141504645,1,-0.0027579420339577387,Fraud
3.3501439780336337,-1.7586170480441785,0.9468102352190229,-2.1762079871705065,-1.0405513913757265,0.7963760271871432,-1.6455684467193037,0.5683753024656786,-1.4248255599940571,3.143231649161724,0.4246578597850004,0.0232018102274753,-1.0555513585187823,-2.2237731945787087,-0.0573529086241513,1.6207378171242013,1.416601496941608,-0.391119539701696,-0.8593667764016858,0.8034272179522238,-0.0438779717497912,-0.9774049037546708,1.0152723190265998,-0.4578217142888159,-1.785611613726453,-0.727949138688303,1.0650983000666097,-0.4106347903330125,-0.5507545911153319,1.106386663818661,1,-0.015024680672957869,Fraud
-0.0669704355618009,0.0952660657293702,-1.5366993904073785,-0.0491113627126285,1.3328307847598126,-1.3752717758596498,0.7286204185670728,0.0822818635641092,-0.9535057963929716,-2.084927416227925,0.944079115292108,0.9858567169101844,-1.6535893623295208,-0.3354700393671104,0.6903634048451082,1.515823454837636,1.3662495558114498,-0.2061802205163642,0.3622994466250562,0.0930991183115827,0.1838511627284742,1.2575553471429255,0.3302288024537076,2.196278589349344,1.9720250882780157,-0.5645376187583769,-0.7543808815887667,-0.9495387247156498,0.4067894589500344,-1.344579682287456,1,-0.0037300398735518048,Fraud
0.1527634004356613,-0.4518208316756441,-1.0149529405575033,-0.1473588123949893,0.0004973826646903,0.7200877564059937,-2.988969925381603,-0.0783011662414846,-2.080910919519078,0.0581434264467552,0.6260884132071186,-0.2677763321217583,0.048203699868672,-0.0176129180561817,0.4183668671829263,-0.4865724246536876,1.5404302101676264,0.6458810293874199,0.3830474716466633,-1.1446408992862738,-2.6200676874448985,1.8278534938250897,-0.8727816062903349,0.0893908716145014,1.14667184529523,-1.364565458811535,-1.83470022921441,-0.2802752442984104,1.8540780826896968,0.3764206857167979,1,-0.0011789737461200822,Fraud
0.060086443443688,-1.6515862085969957,2.5273755696585973,0.036656535519985,2.153272909645268,-1.9418800981863955,-0.8229118176929164,1.654996158857491,-1.8465789593198556,-0.4480151342237842,0.4530014396041438,-0.8552364665148015,1.204142571338181,0.0627960791674772,0.2471851508236901,-0.1319388962720152,0.8484878979313313,-0.1065002127350604,1.1952793435163738,2.028448168101569,-0.4701675418292179,1.261889433837441,-0.1312583978157113,1.2517461500485845,2.8433972583382947,-0.3860445626641222,0.2938333023020428,-0.5636716083907025,1.247470774853158,0.0872234921025739,1,-0.001139531607777522,Fraud
-0.0638184498084985,1.4974761867101027,-1.0666684437437783,0.4308849500329518,0.3948190660159798,-2.1414659270592806,0.8921155950485049,0.4944368958535589,1.6812950263381654,1.811287350173159,-1.2925961456899837,-0.1011858741728281,-1.6961486285712009,2.722335324422016,-2.152319388945839,-0.3892652774375581,0.802570939267936,0.4115874852735005,0.8090361159991394,-0.05142708353955,2.1671737868949164,0.6289234754505317,1.0655467928959337,0.9732307744993272,0.6553369704704454,-1.0570302859635792,-2.089814180112446,-0.8633501583190567,0.1361849146609982,-1.3899184046194475,1,-0.009649314342373871,Fraud
0.8238543273927088,1.526349315213496,-0.8332426262849321,-2.1198845306288105,-0.5055977327274978,-1.1855864806673913,-0.8709446479010738,0.7241645746103781,-0.1086961758862426,1.4556410941639173,-0.2404510943200664,-0.2290870485541557,0.3580299917402854,-2.29134012223452,-0.4742076217417262,-2.159782978680356,-1.0315318274716576,-1.5744777148109703,-1.650650484040382,2.1685590800898966,-0.5698449613967045,1.1930333018585908,0.2305350234226736,1.47618411110074,-0.6790060059801472,0.9749556821592704,-0.7091901400472672,-1.423149114672056,-1.2990405511886602,1.6867902580764973,1,-0.0214293252582915,Fraud
-1.1957559250492815,-0.9574235832037284,1.5663564812110482,0.2054003223822547,0.9263398230302916,-0.2888824869428264,1.6321827015795751,0.4754823202696316,0.4626219099318985,-0.3892748093043473,1.0829226696587784,-1.3841511107638085,-2.523600212193164,-1.2768734659176786,0.8816844425988823,3.775304421284263,-0.8341345421237707,0.1621614139200823,0.5317541373062737,1.108091852381999,0.5847485451177858,0.4431270467599917,-1.2989526230889854,0.8353198617147048,-0.0416039749457456,2.3756227947327715,0.8589195554691519,0.2765557285599553,0.010322561536095,0.0892264194887346,1,-0.012108463986391815,Fraud
0.0298010957328285,1.1333782757047273,-0.7624668999660837,-1.3770273456819675,0.9003910820822977,0.8341244873941613,-1.2015674225457893,-1.0733955361693723,-1.4354819230171325,-1.0906530041477758,-1.946990395625941,1.0205656723421992,-2.6592553672286345,-0.1051647650502103,1.4956653830323972,-0.2624965655489918,-1.4609396599953213,-0.9426847489572616,0.3450858373194342,-0.6929106075188545,0.6964131933298745,-1.8806806030721663,-0.2823179044411147,1.1084237029611954,-0.4431144255590229,0.5068981180155395,-0.6770220646013557,-2.2709032381829,0.9018682558826108,-2.603845325334398,1,-0.02059419341538088,Fraud
1.7428296309840454,-0.2296035179603181,0.5428886651664075,-1.4034161008467514,1.7495234915925058,0.3326877406650911,1.5667847635914058,2.040827968352059,-0.2808414483051706,0.2268248407397104,1.0428563172624967,-1.5172098808900925,0.4419530968571792,-0.38904998043154,0.1828600600578667,0.1482896313159475,0.9165947492549236,1.9423004188080304,-0.0922433027442553,-0.1342677108099474,1.7049968514236038,-0.443997437599832,2.706078090088481,-0.3641809007243989,1.0040977979148136,1.073867298689905,-1.598495475034004,0.8514112183063017,-0.1025167214530323,-1.890595473648832,1,-0.006102934136565874,Fraud
0.0119895579853106,-1.1772374735897804,0.419311267789266,0.1126765533070626,0.0066286818165276,0.3664261242665007,-1.129423949426314,-0.2241941669026199,-1.1190296129399036,0.4969950010059937,0.4791182515663367,1.879073018546136,-0.1865819254111519,0.2147500536896316,-1.254979655155959,1.722222878794475,0.0932495902142846,1.1460438350017268,1.9323609474311048,1.09791200502085,0.2528717030917717,0.5170080895909269,-1.2656831960186503,1.4615060718862765,1.0748575588900755,-1.9704166482423404,-0.6857700156634075,-2.0323556272877137,-0.0868463809062345,-2.7871196300973784,1,-0.005896233750534774,Fraud
-1.413227955942648,-0.9154962586953884,0.4981240635956478,0.2970524942600942,2.322295360116507,-0.5628970354115689,1.3512041798009526,0.8053180535212007,-0.0762576355975794,-1.0053404907520982,0.0662021535914114,1.5485918156302965,-0.3676434141275794,-0.6915906751471593,0.877046458346219,-1.8540699790449289,-1.703171942333378,0.9974404446905184,-2.4063155581998106,-0.0663125602348415,0.9045177852693234,2.0547702699359123,0.9527262598654296,-0.012156868357021,-1.4366963872562082,0.4435429780346718,-0.1849101413442257,-0.5132439763442154,-1.5334747399179984,0.007938576372745,1,-0.006150680035641176,Fraud
-1.005609458992416,0.3373864352235619,0.1502652814650913,-0.8756899393608035,-0.0960318751149421,-0.194212894156944,1.7014107269801644,1.2902224269413431,0.8673091396475433,0.2815799266087889,0.2924146192064144,0.6198642211439993,-0.985222449181579,-1.2509723826082422,0.1028711745117556,0.8293334040303666,1.187555518557546,-1.646104111771756,-0.93616994366462,0.8869546061586677,0.582176628116504,-1.461422450006802,1.5792458918625771,0.2317085242949521,-0.5438933558234725,2.7673259057041566,0.6077072656025563,-0.2797917414202842,-0.2577838068001922,-1.9535775249608025,1,-0.006644703576832167,Fraud
-0.3674241555359591,0.2780783123881493,1.0277343641026917,-0.350498832784088,-0.5059853301657267,-0.1915437601838739,0.3052401070088628,-1.7135657697565203,-0.1293547016018734,2.1053833892114,1.6432919516014084,-2.006919448051965,-1.8092307081068228,-2.211349517794805,0.8569919383593034,-1.080758828619221,-0.2813081890947474,-0.8026603955086357,0.5441431464810783,-1.7307701006485137,1.7664728883502605,0.5666629308717511,-0.5120370505398656,2.739609884457144,1.3920902910491315,0.7115100505704056,-0.1310192901217074,-0.1662578676413862,-0.6626613000252572,1.231355618689554,1,-0.015624394034881084,Fraud
-0.4261994058524996,2.347543415526978,-1.8731464018996256,0.2051357832579051,-1.1064329536329378,0.0748392553315183,-2.578094317954518,1.3040965613117164,-1.573097699957694,0.4907727450320296,0.0133129188861371,-0.2014138272620443,-0.0265893132477184,0.3121421625994512,-0.1006082339011774,-2.40666472152737,0.9516349918882688,-0.5069995980667474,-1.4544782646721484,-1.083504219498404,-0.7353066176256726,-1.6395221900277093,0.0457146757934421,-0.9692474896598512,-0.2582468301699676,-0.7076865133026488,-1.6167395979676815,1.560605481397341,1.6265892237779174,0.1560941417798532,1,-0.00643349071813365,Fraud
-0.8129135982260721,1.9888769792058252,2.576100712936246,2.1865520699989056,0.0912933195470755,0.9517805027953528,-0.5318929992178786,1.4854633031123263,0.7714671497161678,0.6091029995346057,2.6888027159663297,-2.346090517417129,-1.583177731326478,1.6824587194300118,0.3984041340020303,2.1947663201101766,-0.4837743363989538,1.888748751935216,-0.5665225752797238,0.518769659033729,0.4813628115916525,0.3923811239568437,-0.6324822927888675,-1.8980605855999857,0.3719300647895422,1.3017940124806655,0.5254661517331772,-0.470009929224487,0.3176114808854418,-0.40114110420802,1,-0.005299009454493131,Fraud
0.3349851146345516,0.3287056510624623,0.8844024998197091,-2.080663946517387,-1.331635014466262,0.0615559609209435,-1.260590200138008,1.1338203197944725,0.5826016402059603,-0.6822151511471752,-1.636476114366002,1.3366349764273873,2.54241099423281,-0.3272814985005399,0.1972730694699498,-0.6768382427739001,0.6284055179603452,1.804837283392813,0.2942747203970509,-1.1212702042333909,1.6073291680238706,-0.2588725419186695,2.432325034428208,-3.569608035818361,-0.664143482151195,-1.1850220203467052,-0.893332691167141,0.7062263217129329,0.2976932949080211,1.7520080663792497,1,-0.01912823481185838,Fraud
0.1308698370853876,-0.3733797514693142,-1.682370730686007,1.5611209662889551,-0.3221972889938824,0.9007330106149928,0.3981660413446124,-1.3848693401118404,-3.0575861848413077,-0.3386893970298021,-1.4835422018147415,2.316430627290816,-1.72471524507754,1.837668404580998,1.3253367146779522,-0.3190781640856913,-1.019274789943449,1.3959942377770151,-0.2911685143979622,0.5477327499361404,-0.5481429436836192,0.2558644365191478,-0.9695706777359532,0.1317531634207746,-1.1323274009640762,-1.619287537268854,-0.3832512638959939,-0.5799762818338655,1.3941330079817065,0.8418865445291066,1,-0.0005442265470980701,Fraud
0.0216224972264415,-1.865319485124976,2.3201364315957966,1.232325650000506,2.264019561617752,0.8836344260869822,0.0548186879486948,0.574780321875069,-0.4773915657269835,-0.851324646180291,2.0952918490394365,-0.2851334966829637,0.1393221297149813,0.470944718963864,-0.2343292377948533,0.9636458527174796,-0.0995487971630527,3.520648773737301,-1.9057995144333428,-0.6678870414801081,1.076904046014736,-1.5703689584191276,0.1965450632335616,-0.3321188102813618,-0.1169317619094236,1.211230046577341,0.1458014938631908,-0.7508150893584042,1.0188079192619317,0.2335606389398868,1,-0.019725333838509884,Fraud
1.9922404733373065,-2.049326413125623,-0.5009961386608782,0.0955382105692506,0.5311779576233256,-0.4941911763323114,0.0059286335526798,1.9049000888594627,0.1352228531107744,-0.7038479211326042,-1.595060665699818,0.3691146497832191,-0.5462426464966734,-0.2080843456324702,-1.157562493584463,-1.200377950630763,0.0137247529290473,-1.3513518369313449,-2.536329706713232,1.444552192795083,0.1027799065718713,-1.060412703312772,1.427870485462679,0.4842828949943115,-0.9775547601365367,-0.9951070438904748,2.333812035145458,2.0989115435743915,1.0915148526536822,-0.462037188313559,1,-0.0038102709220448894,Fraud
-0.6683159370071464,0.3734305059498164,2.1051822320549847,-1.330812869085941,-1.1564628764755047,-0.223455535811985,0.5672422871123881,-1.347728090509469,-1.0784287092123677,1.702548670535984,-1.8067422035001648,1.2121787724616755,-1.879340318797897,-1.1735273908204982,-1.0990790467114568,-0.0565528253317585,-0.4785631623982205,1.0504726875037962,-0.0753111104807102,-0.7262903190779124,-0.1666897974989731,-1.3317533905952146,0.3432278520254034,-1.7668905448383407,0.1910257686770451,-2.500126577693393,1.0143721665459295,-0.584400796632293,0.7871704910642606,0.8361828099312677,1,-0.003319651467665774,Fraud
0.5580751419430954,1.0542476295853156,0.8343521280128285,2.3703544099300373,0.0531718821784101,-0.8112753163356233,-2.442352373566389,-0.9950824039684736,0.826518292962335,1.4191655660045523,0.1585046525469105,-1.3441634455160905,-0.3172930782037688,-3.1871866382567418,0.3382231960731953,0.1699899935122085,0.4011872155688429,2.0462810473876973,1.6897653258350127,-1.3199376087971408,-0.9550214102658248,-0.2513601205915799,-1.3039000963420844,-2.012650269848333,0.1968349475412555,-2.204644542696943,0.2281283580894616,0.1198614769285821,0.1915689712854006,1.6812635691796831,1,-0.04309229265090614,Fraud
0.6664366164249891,-1.3457323426653731,1.8394493378435024,-1.0103581885840112,0.1028859979273482,-1.3394912004532329,0.943166168937816,-1.202968933643508,0.4864224211135128,-0.2278487188509733,1.244866169853221,2.2892285916711783,-1.355175360595536,-0.5566139523140724,0.7692640164953976,-2.218448025532353,-0.6161235375363666,1.9702401503886453,0.8709857516949826,-0.1915962765449135,0.7028291502154089,1.1693215886588026,0.4130809240148349,0.6054626009207208,0.3691436803769815,0.6693902086693805,0.6555784654282081,1.000016679610081,0.1673930197744128,-2.005789531708155,1,-0.0004007095510336067,Fraud
-2.279678444945932,0.7003682081381126,-0.7457430243539589,0.837672788672409,1.118886575662594,-1.7394449036138566,-0.9460824572781552,-0.2755540583089912,-0.0275677587929311,0.0403773250938584,0.1944812199703645,-0.0520966356053951,0.0289853360090818,-2.6016365152933143,-0.3508530860446464,-1.2202817367879153,0.2921972572368754,2.4523875810722227,-0.3454156121944563,2.5956739146606163,-0.577918856592732,1.257087343612991,-1.4627590177446288,1.3829824315094816,1.2019897914007538,0.9645366419656044,-0.6103385633139834,-0.1500806623709167,0.0662463356303709,0.8250960617735673,1,-0.002261486335785101,Fraud
-0.8809966303635204,0.9865319507294203,-0.5800662465784566,0.8573615389448689,-1.7255143489819864,1.3211728765193222,0.0171309519623269,0.9592889606446988,0.3886430428895082,3.0797326433582515,1.2454848330879744,-1.3249173368756255,-0.2231776972286833,0.5065493396606353,-0.1296895777813656,-1.91669237509214,0.4206592657959757,2.138665977328318,0.3813034494509795,-0.7042051013254454,1.2751821880071452,-0.322850711200182,-3.1031233942838354,0.7422595216618569,0.0310416360828237,-2.512913290139791,0.6302631394666344,0.3365980451477531,0.4547975166786568,-0.1639187153450452,1,-0.007224079934054883,Fraud
-0.6207122007759966,0.7176379677696001,0.8779312720454849,1.04293563675922,0.7577927905050454,-2.001443067715288,0.6834489162712609,-3.0138179317814977,0.7110326067925651,0.7999096437152335,-0.8741188864858276,0.2867880237419429,-0.8110739867030781,-2.7754654983320304,-0.3742295714655881,-0.1370920635445736,-0.4129316859267555,1.728876039813199,-1.6705028691999169,-1.1220770710086638,0.2319768291769078,-0.6159975294645839,-0.0948998309049444,0.1918967667737273,0.3311857509727406,-1.7616622558465107,-0.2440881990150366,1.4612793822977264,0.2126674320255662,1.977554380496648,1,-0.0059728188268589055,Fraud
1.4191249616528696,-0.4106916401866813,1.7517306600059948,-0.2582760283615673,0.5308369387811068,1.438313194541613,-1.602323603800662,0.2349538939705589,0.8856991910257114,2.684811470267245,0.5839156005584697,-0.8086420278212653,0.247183956409606,1.4183476446292174,0.4019310487878345,1.6409625851853962,-0.914030652380352,-0.1526447780406496,0.1426188331940841,0.8883478671369965,-1.2628169091164123,3.699115167133756,0.2089826163111003,1.3699928060780342,-0.4141845803978705,1.4264197004389507,-0.4733580843203467,-0.2930806773323406,0.0651321785318447,0.6227479236212168,1,-0.007330375254425203,Fraud
0.3932433231521409,-0.6120308224200511,-0.3122493657210879,1.0064115766705246,1.4522254309146387,0.2688728361996255,-1.0279608893760228,0.4791662519953575,0.2234576493143243,-1.660130161500494,0.1042556572968595,1.2280373545790504,-0.7205309652917642,0.1362226544197787,1.059656226353657,-1.0389510671501183,0.2096590533942235,-0.670996099000959,3.011013704773462,-1.1653259464188177,-1.0221529187993954,0.1337195733316149,-0.3124146649622306,-2.2085797968322374,0.1740564324110936,-1.0014818263383949,-0.7814263728109084,-1.8113196588701133,2.642749720893826,-0.2426691677866091,1,-0.003321954054784082,Fraud
0.7845276449132456,0.1279606074637242,-0.1568676573335807,-0.2561985698558348,0.3060662100289275,0.7579575893119341,-0.1106697066754819,0.6804071343223381,2.1183658374128886,-1.0944735907607428,-1.0333433462939363,-0.0925601260379465,-1.7071637513902258,-2.4613261398631563,-2.2562457788432355,1.1119993399129326,-0.4247539962390402,-0.6525746619846375,1.8514302935151976,-0.2553069925763517,0.4523201336465313,-0.0424336826177305,1.589559881739357,-0.8515212376307886,0.6316249783618975,2.6084018745504447,-0.210746001447783,-1.5316677461712034,-0.1042388049097877,-2.597215250726409,1,-0.015053456990715086,Fraud
0.759024338306548,1.0906811094867015,1.5688142525540376,1.477055280665902,0.8101193532766378,-1.1510008788269406,-0.9790197250878278,-1.5710655131315991,0.6275472856683678,-1.450805920589909,-2.018561908852801,-1.1944096013240817,-1.7583619072791492,0.0526936499765155,2.076659899776587,0.4510909931072849,1.4601248067227024,0.5785535651177391,2.262553240667955,-0.4600823745739483,0.6657127528099497,0.7888797606318487,-0.9247751958059643,0.1263725753335846,2.1299967091748337,0.8185335389105496,-2.2325415301445504,-0.6370967488665997,-0.604182701347972,0.0008475797201732,1,-0.029051658304535988,Fraud
0.5704371384865368,0.2325423417524985,-0.528535922647567,2.012070083838684,0.5427444524933173,0.0542125381818806,-0.3417512227741131,-0.2110906043556826,1.2861436633442918,0.3595122366689951,-2.4100555300294677,0.8713699561716827,-0.0031508540153598,-0.9821287403919694,0.3001291859026762,1.8731051245582493,-1.8047664019848109,-0.5430780220328453,1.6252076802305049,0.6754918137073764,-0.8909540475822185,0.4952205676811582,-1.0292596009459642,-1.5497237335162155,1.1556471614003463,-1.4602893626525464,0.9795695482609492,0.633588766563635,1.5211263695929207,1.4692957381329843,1,-0.00264189913935875,Fraud
0.6773401731513478,-0.7715183777912525,-0.3017405107817966,2.343230284739817,-0.6431874644898884,-0.6238004225590712,-0.1649033723663757,-3.0482146177116416,0.5993412628697202,-0.6220180400657499,-1.8163122201576412,-2.0884386445146736,0.5782987813326428,-0.3453886519237911,1.9641709782005417,2.4223447378812226,-1.187228133554871,-1.826113979403628,0.8210059876238948,-0.7126197299195013,-0.7315562625359848,-0.0437585114931042,-1.115184981900077,-2.813069603407109,0.0533798267777352,-0.7337360589502022,-0.902723911763124,-1.2417713883832555,0.5567231204478044,-0.3782448685257979,1,-0.02250204957385077,Fraud
0.0064901711614319,0.5915273599452904,0.245825070059125,-0.6403818093816407,0.2721627687938955,-1.6225018071083526,1.4170170573486591,-0.2919800357501914,-2.695917029034831,-2.318926393303653,0.6415725316615082,2.101561302018064,2.3266326814757723,0.5830306332456946,0.2730025239030205,0.279373116197732,0.5286002392945643,0.2035720337875526,0.1776244335868863,-1.38507034016417,0.6229786521058432,1.8362114224592467,-0.2042116231692824,-0.7516554144564425,0.5657435213564549,0.1449702216807626,0.3279406100191155,1.5760466921051537,-2.448254134510825,-1.3662818758329098,1,-0.01158504063915794,Fraud
0.2919961181493175,-0.4765356942330042,-0.1223080905317372,0.3598683935460221,-0.5219172052924581,-0.721413794119979,3.4703400874086463,-0.4298644250620164,1.0828004585289226,0.6748081309473201,0.4156347830125588,-1.9322383968207133,-2.085294024701066,0.3963170662783797,1.4915897923617665,-1.5207877522352666,-0.920503120793474,1.2434366705315227,2.573878894672522,0.6377947421748352,0.5498122489972165,-1.4972386559396853,-0.9166276420641272,-0.4600549630634464,0.7562965928229062,-0.8613613334674093,-1.4258847621511452,0.0629914428812645,-1.3277081405822724,-0.2983669655627277,1,-0.0061671549721691865,Fraud
-0.45136978107041,0.34451999280045,0.7562982883208038,-0.3684418695399862,0.9923369187236392,-0.7109868314495349,1.342064535899944,1.4521612642984862,-1.449194119660453,-0.9169613213729862,0.6606721748374029,2.64297383406691,-0.7086481286031578,-1.2389820660481556,1.3527492811766886,-1.9546639757679145,-0.0886330647444073,-2.1336364764769287,2.338338837367247,0.1446476241800624,0.6697880892402427,-0.4584163823228299,0.6776832103355388,-0.6038609745835407,0.8174442844571516,-1.8706053157569795,-0.3707116367488672,-1.3697395732559026,-1.4879202389059454,0.5053795112793005,1,-0.02819215818904547,Fraud
0.1417404286440749,-0.2611618154569144,0.5105015959971835,0.9949219120670408,1.0332339120697138,-0.3027767464677442,-0.6482804888890265,-0.0020876264671435,-0.5802099555760982,1.5189040184962053,1.239321340284626,-0.1557694481407042,-2.391864189148454,1.1975903191452273,-0.6040719343406812,-2.504480778508173,-0.5973949046174354,1.540508462777178,1.167936608300222,0.0688736568520313,-0.230735323762637,1.9548160371987204,1.0737912128823195,1.2752223732706147,-0.5154017079128891,1.303509831720391,0.0190438289722441,1.2086224655263822,-0.5893466129786402,2.303468296809437,1,-0.02225418333847956,Fraud
-0.1064583047561911,-0.9829435506961676,-0.0426516705310949,0.5903024974549493,-0.7037160784079411,-0.7762746396808259,-1.1793471373656317,-0.6566510809281685,1.8960337473509243,-1.7286029642964154,-2.304973136696085,-2.46005954095783,1.4424617832662612,-1.0243295788431348,-0.0816216624465709,2.0204936056220606,1.7457022749305346,-0.5040212095955929,0.105849661142516,-0.9785348286291716,0.6545986447892926,-1.4188928833635297,-0.5371160721106115,0.0339201898344647,-1.2495044206866364,0.6542675517932659,0.9510224494354071,-0.2776382807590611,0.2994028557050305,-0.0274235272179745,1,-0.005483729722515929,Fraud
0.0710649885169825,-0.2203899910619044,-1.3366666521961408,-2.9093566348242863,0.2777561423591573,0.9680765844997866,0.9732525913723324,-0.2446599641840469,-1.0305905723325712,1.603209747887814,0.7903788185670312,-1.3757608750185275,0.2070922522403106,2.4026439090729745,1.278925245280906,-0.9358246548470296,-0.2140602846327788,-0.7106366765563213,-1.1098264739805352,0.0821143766513993,-0.05582164538473,-1.185046603705178,1.450939603285257,0.2260386811878243,0.6528922764137716,0.2835524988440422,1.3253294454912905,-2.7338632180281786,0.2304458914635094,1.6515165146584614,1,-0.016005094175666257,Fraud
-0.315151656264387,-1.8494589042322085,1.6482199935117898,-1.055552279703739,-0.2122319103862375,0.0114625247582713,1.058664385322975,-0.6243502554284914,-0.6852561404532244,-2.217051444173037,0.272232337449311,-0.5258943352346859,-0.6774807108988335,-1.2111526514561155,0.9119839089829214,2.0580442999956365,0.4633353080166082,-0.1493419763518576,-2.281111830590644,1.733983926461822,-0.09893410909528,-0.0360463684272201,1.0846538415739586,-0.4267276254630255,-0.2288807829961615,-0.8960759411611717,-1.5430033404006187,0.3652720482337901,1.0956620555400212,1.6830123905297978,1,-0.003348844730235556,Fraud
-0.8638568247302141,2.3860588378237204,2.482560822346269,-1.3193459566150882,0.0928415056803162,0.7439175392312172,0.4384756528580699,0.2999091348546112,-2.033436778403112,-1.623246454726209,-1.884989411270488,-1.3139391377124834,-1.559836733769569,1.0051877220957754,-1.423158659485542,-0.909177421150162,-1.252907543928834,1.4577209028753568,-0.0184808375892547,1.309571203477253,-0.5382687605448951,-0.0728404890057055,0.015702456865039,-0.0627032075579717,1.735229060949863,-0.4089671052839098,-1.0543902029742034,0.1371173183985879,-0.9408120194755162,2.1273636945410264,1,-0.0004498152240742792,Fraud
0.0139381005455156,-0.023117749048464,0.7381415664370123,-1.8624622649584208,0.4433444078844854,0.5527623360908271,0.8484436035509693,-0.3754707391090268,0.000525630835724,-2.452530608723595,-0.6698412969634687,0.1755853004790329,1.4706614734541448,1.8457789132615745,-0.3424478988994969,0.8740315928632763,-0.1472066981368178,-1.615958608866614,0.6050552797729224,1.8312852463674472,-0.3814370202070773,-0.907256903541679,0.0673688516178631,-0.1227915633109397,2.6100418699785117,1.005862120715871,0.1293900976842219,-2.8953297337688544,-0.143298490509321,1.8522266297139711,1,-0.018309524748461647,Fraud
0.1009493430295774,1.2606642233849228,-0.2753537547841799,-1.5628082676032748,0.2073425751179061,0.0452365191826344,-0.5721270880342566,0.0797345850273381,0.0818038328956737,1.4686632249378175,0.5042530646817422,-0.3622425490841962,-0.7072735987373889,-1.0668926899508375,1.628284439606081,-1.829077781958876,0.0914756542312092,-0.0525195432657841,-2.1011451193813064,2.636999756425782,-0.2754485279727155,-2.1787766138340543,0.4212739445615142,0.8836210355664011,-2.0837581922327724,-1.0437325378768034,0.4568750170172784,-0.9827946635254382,-1.0528608133928594,1.8219691762777688,1,-0.007000551898719343,Fraud
-0.2981732938984983,-1.9525130597011675,0.5643856452854652,-0.9628461747486526,1.239264458589424,-0.7761636625976926,-0.4518668951899738,-1.3431810946393392,-1.262295361002834,-0.109075380698906,-0.2022595284929335,-0.4758826135208491,2.05301162400888,0.6036463661199082,0.0102433229262527,-2.757325750269733,0.8257682286943172,2.994536298114113,-0.187950255522043,-0.810512523132182,0.1633246547411011,-1.4314087326522125,0.4620605442666223,1.500218963937244,-0.6709311005343637,-0.6386407827659374,-0.0796958287303406,-0.5012192318977378,-1.5123172078757925,-0.3852376925845517,1,-0.010583059007383488,Fraud
-0.671850915772826,1.7265459950295434,-0.7740036182751768,0.2589034144300231,-1.366726094537003,0.2764963364597159,-0.1175957652732782,-0.4675592820248596,-0.5862381239767913,-0.8276605026526309,-0.923968521090537,1.5279670459903447,1.7259614074847824,-0.1017692824843991,0.2358460945904167,0.7477541622160256,0.9311202388381008,-1.6935977748716486,0.9565843462617668,-1.4893901257312043,-3.3287979455622185,0.8676783371923076,-1.344485722095649,0.95054672053592,0.4458043252467694,1.8319624150361544,0.2291997448279192,0.5232064520894134,1.9049210021951029,1.6112700016937336,1,-0.009557857729910635,Fraud
0.4775099418464422,-0.6247950853656778,1.091145237556449,-1.488792294631804,0.4600206643003402,0.3493582502164247,1.7168091762908289,1.267862019348248,0.4919554880177771,0.5656149332220027,0.4730404463708606,1.431176304663059,-1.413639058595038,0.6072847895791679,0.0187544062548686,0.4200008281533655,2.4063995473925277,2.04771607099462,0.1358520561190621,1.434670380042682,0.9420469868233934,-1.633212031001165,-2.4679658770666943,0.1595009327947714,1.483180898671231,-0.623847481196032,1.0163267135448455,2.04482650065838,-1.3874382450308234,1.4632414249798376,1,-0.0065005255063387835,Fraud
2.4002411404873616,0.4257272386922659,-2.083511568580854,-0.4470064026523389,-0.8302647013519399,-0.4584938839690569,-1.551348199946754,-0.9065518475317684,-1.929497805504165,-0.1073861631173803,-2.5680434140265573,0.0472975448411767,-1.3127843741356098,-1.4444152265808774,0.7266344891177179,-0.7437439182140154,0.90217977673098,1.7063164093437178,0.054731825660805,-1.604590767712479,0.9966441015463008,-0.6313997913904079,0.2617102082433306,0.8649325733799523,-0.5625233993742046,0.8643113381464127,-0.5148440412290959,-1.1904082715259037,0.2211460882075895,-0.3016404279981763,1,-0.006868436914848786,Fraud
-1.9965274689388048,-2.9036790321652366,1.6707100009282072,-0.3262173991369045,-0.796999213992784,-0.3561184829552296,0.7903977442128735,-0.674644739021485,0.7120261628847665,-0.0549774970394799,-0.3031229742582141,0.3175369253898835,-1.1631527935334542,0.293763298649857,1.0495163528377662,-0.8924202429321297,-1.8322099898633115,-0.6667563784696228,-1.362060153148206,1.238771134974712,1.1801575559354949,1.914422076108484,1.9880545128703435,0.0915559941284014,-0.2405516952579029,1.1529885640548612,1.2457126808957617,-0.5382643398722092,1.864370933841051,2.173430752260786,1,-0.00021918015708477512,Fraud
1.2794621077934694,0.7827518218917565,0.7078204668869353,-1.3777447050859284,-0.3429842114831385,0.6296591925135722,-0.5255510618011812,-2.150091364591173,-1.226549838792398,-1.161582282819621,1.7457997934964609,-1.4253261498040894,0.9268584166662364,-0.9215554712065344,-0.4785528056088876,0.4259833323467851,-0.2673783189352463,1.2421130339818178,1.9935739862396968,-0.5963121553376589,1.4484442323695883,-0.0661931108157209,-0.1771576523715547,-2.9420134459132385,1.7597812401222073,0.0504300250077737,-0.2136749845581701,-1.2611715239422674,-0.8932440920098197,1.3130838185315297,1,-0.006299498400154591,Fraud
1.411718884560403,-1.74736000191221,0.0868468531344201,0.7724441959571834,-0.4262378697592098,1.670235470250864,-1.359419277695573,-0.0751852693121965,1.197614872061835,0.37074623370379,0.4186020152919448,-2.328896429626483,-1.9084799650762831,-2.685345847559663,0.8813887557385716,-1.0489478810896076,-0.4031839057377863,1.9818397031486863,-1.2228378474897006,0.2868155659228703,-0.3620553596910149,-1.4515501476319208,1.023590926646858,-0.4532001053756868,0.8016967638892577,-0.3793938462226679,0.392476667950374,-0.7460739372812254,0.464628076572872,-0.6195378831509014,1,-0.011291683859517787,Fraud
1.6122654818799051,-1.6851387841079803,-0.0979583381248142,-1.0295991839167726,-1.5739362026872166,0.2766981538882453,0.1206459503240227,1.4545216756540391,0.0272226539267945,-0.8173846815453273,-1.5469744879105738,-0.9865292705061652,1.6270129932012305,-0.4204413842150383,0.9846202114178044,-1.2065738535255333,-1.7398102680283851,-0.9886782665522484,-1.8831864212334173,1.0605106774401916,0.5807610419077927,0.8017597548958072,0.1936901346932366,0.5416934199983743,0.1778043190436143,1.807164886461432,0.3322649261183,-1.2436169515313988,1.9623847916868968,0.2251127249769397,1,-0.0025184501849630503,Fraud
1.192613414226589,-0.7994521977683092,0.0133463445816524,0.4344597553163489,0.7224803705779453,1.8680299321979976,-0.4892154997267608,-1.459961262001046,0.1505328804614955,0.1488614951945135,-1.2957521182024268,0.7141519110218684,-1.3817692832980086,0.580329494949896,-0.8954118761945484,0.039441035608023,-1.3204956761467226,-0.4469730992847369,1.5608464848676142,0.5964786021672448,-2.162646727153818,2.301855370515226,-0.1066737753413204,0.1605726972294327,-2.747776518151843,1.7678377732178807,-1.0828863354946765,-0.046391026351517,2.000822289805838,-0.9141429433169788,1,-0.007243938378412362,Fraud
1.0212008522236014,1.2774999800663271,-0.4689464423595708,-2.3942598587322546,-0.9624898510558784,0.1421093184049164,1.397060631853416,-0.3852529058954198,0.9449536511068608,0.595304701761699,-1.2622100535257537,0.337092043833844,-0.0815720499963876,0.8887833269599787,-1.6020752714932942,-2.0780732765413505,-2.767333525371931,0.2483604706710163,0.5095343246999791,-0.1556648000740824,-0.2661057991399303,2.160911931828324,0.235119490603116,0.6526059533905509,-1.2735739589596309,-1.7456113323356044,2.153948806531341,-1.725068889380966,-1.321022645711389,-0.8886773945264197,1,-0.0040495340478526876,Fraud
0.654957603363327,-1.3266048160163122,2.6694999209398067,-0.868795206356753,-0.8182613322229969,1.027331827966688,0.18000564743166,0.4336981701902311,2.1842670669345954,-1.571920891245713,-0.8277357961789422,0.0839365280934356,0.7137931779801325,-1.9497470518202495,-0.1512243866647457,0.3621382654923807,1.5690443913358068,0.3267256547097308,-1.7576165548177922,-1.2440312667280435,0.155015242250386,0.3989856302424226,1.5464137066285724,0.8341146258673736,0.3025980768108277,-2.608831661379743,1.0770383626024664,1.942774701403049,0.3176929165679168,-0.3128438427966045,1,-0.013547419279138884,Fraud
0.0088441533585478,2.074220587563332,-0.9301362288408802,-1.673647606070746,-0.0372278061356711,-0.9833529624632248,-0.6232138704254837,1.5198157891048008,-0.1723243289303349,1.0177262523250468,-2.502348929316232,1.1465570350493446,-0.0389454613788858,0.1730300881883308,-0.6791066907512738,3.3200260236429293,1.2658477210663068,1.1744560880727324,-2.1625735511711195,0.0170979540114319,0.1813120117018125,1.0126719285400942,1.0697972545224508,1.0056384660999742,-0.31676588069334,-2.8368237877913893,-0.5294801564202777,-0.4754780372539438,0.0546907597468402,0.6524649495341462,1,-0.025932776828540505,Fraud
-1.927579631929586,-0.8905239848774691,1.3911886592742817,-0.8163383114036975,-0.8761060293377916,0.5752092403156247,0.2925677746683318,-2.067123986360195,0.7087024219476036,-0.6965846465419431,2.191311802039302,-1.4616608113386556,-1.160777111220158,-0.3812292829071139,-0.1259368667969309,0.120541492658564,-1.9179710771388487,0.2586497046275776,-0.8637414400690974,1.448529194333829,-0.1476717043205338,2.238488000895556,-0.0104435546037259,1.1561310230377084,-0.4869318453382941,1.65162165446748,0.3021636954281994,-0.3402106153922904,-0.3725171993663258,-0.5911850694005508,1,-0.00011379371891862,Fraud
-0.3673999301591149,-1.7188348629777426,1.172420740432426,0.3541510700899678,0.466745239824725,-2.569433807412789,0.2935175229965189,-1.0770054312152748,0.7603895138177358,1.0390294714346362,0.434425297422728,0.0788390684437893,-0.4400455390008443,1.787590055443991,1.363007905777308,2.4141109742017663,-0.6712368501382191,2.567120260507835,0.3538071281242911,1.6818740875176437,-0.8290527745246845,-1.44787471829349,-0.8937273176640705,2.8454553774714144,-0.09458610311799,0.2202107199172698,0.1461651421221772,-0.4960774880940556,-1.3505855838103966,-1.6766258748747511,1,-0.02605928001414909,Fraud
-0.7517888928315393,2.8238650126960523,0.0031120534548344,-0.3743962094641667,0.8901313756932584,1.64997261563957,2.350944018580527,-0.3340190214153767,-0.8310654395549736,1.1907510730370965,-1.2547612881872754,0.1217710632196675,-1.8969285372636235,0.480760942004089,0.077975960620985,-0.5249075633662981,-1.70258674165793,-0.1157713080983002,1.6533635822075845,0.2679550861630397,0.1842759064046265,1.5602484180095386,-0.0570313361825045,-2.393455476558383,2.6359903358547143,1.7714531419534183,0.3455127422407996,0.7284806206769578,2.0282143474237824,0.5710303423236694,1,-0.014755301071975924,Fraud
0.2993225968920991,-0.0197396472111261,1.611261808032062,-0.2538201941916022,0.3975690032541626,2.027225831736473,1.9178418545510123,-1.5785088267601526,-1.7663934840352824,0.6739572850005078,0.765172119428784,-0.868664497069291,-0.0625849853208551,-0.8487858878556354,-0.4229384925304016,0.8346114940836352,-0.2028589681530994,0.0569021016098429,-2.2096246953695724,2.4547377461833726,-0.1704385148740453,1.2195697931493354,0.9022411841249656,-0.5834143296621553,1.89434109872158,1.361756302649631,-1.6052568051342349,0.6243608261606941,0.0888514945566535,1.6720671572889,1,-0.00871787073391378,Fraud
1.312040977354059,0.0075983607183034,0.7507457754566063,-1.6783333542038614,-0.5418180165518117,0.7620485839182868,-0.1391116033239666,-0.2063173233931673,-0.41484567038122,0.8656525591852806,0.0177137080173892,-1.3228869913319836,-0.7181300777804789,2.250398751887217,-0.0904507452453924,-2.040275971048685,0.2675606321140115,0.7328466685044076,1.2958580845152845,-0.2824587314471027,2.074170277495445,0.5012259230007948,2.187192295341808,-0.107803403195923,1.1681575650052558,2.015241408397245,-0.18389840537767,-1.1308498984950273,-1.4962343143325203,-0.3325960789604402,1,-0.003205216152525614,Fraud
2.113459611205334,0.279494513092647,0.4176769113135964,1.4218222636991158,0.8850410527122293,0.4853178316322739,-0.1522957723764539,-3.719718956651022,-0.5311194566701218,1.3956908084468067,-2.7843158076791377,-1.7540420244145507,1.636112737918706,-0.1601228342566628,0.823407734457514,0.1934875967965415,-0.4606407493054124,-0.6113720563202338,1.821129364568724,0.0247417943712173,-0.0535674587516513,0.5544188412244431,0.7032119190328399,0.86302517529195,1.2316491068544009,-0.821714012491992,-2.273555522158178,-0.590127719589479,0.7743157674224627,-1.314626627614482,1,-0.0021816653247422324,Fraud
-0.5536554108764059,-1.7253096900596745,-1.5067221355002531,0.4442331131369281,-0.7115929415583442,0.6958301826914881,1.307213429345669,-1.4597726393860846,2.2298707208836324,-0.7919072615241194,-0.4236576986414399,0.4803084005338626,-0.3095049513491137,-1.6269446147066802,-0.0074297191815926,0.8897298599380083,-0.5849397912445895,-1.7708056521714024,-0.0613467078100673,1.5215601311651892,-0.4126114828689188,2.218277691408326,-0.3610658570269957,1.0698097156484383,0.0894784796627808,3.018679028390798,1.122776993058653,0.9614204817269963,-0.0630675725641099,0.3044320709041279,1,-0.002490999332255883,Fraud
-0.0080077391057706,-0.0276974287115327,0.2743227696937763,0.364410110751175,1.1033152042160994,1.328925216117351,-0.2844485428878173,-2.2526322905372407,-1.819784023911959,0.8103018299993963,-1.4694105802315656,1.4645331603631728,0.5069649405174231,-1.0663070025839152,-0.5288617398558326,-1.596669615809162,-0.4176455699992448,-1.0964367948959064,-1.7281820545702589,0.5630993960406446,-1.7308109005506505,-0.922355160929776,0.9796322820070325,-1.528532862481336,-1.71972946175914,0.9369351738433496,1.753768304374916,-0.3165295388476531,-0.120312417826941,0.8808683001289271,1,-0.018266865824773937,Fraud
0.7298710211534141,-0.6661080077172415,0.2580894464706322,-0.3611883696012861,-0.6475836276739427,-1.9962014140298716,1.6321920294012222,-0.1563585535176661,0.2577773538763763,1.3113784900966543,-3.045791432067374,0.3258366603710801,0.3549763690072332,0.6318131971181894,-0.499987793344944,-1.074698484062994,-1.1314397848346962,2.696702855626331,-0.1991985729223332,-2.5138588532655293,2.0913539031695434,-2.201242127010049,-2.136326847007738,-1.1232138128147306,0.5080618839451502,-0.5497862545772256,1.262946058100344,0.144853936865096,2.7689615345041165,0.2172427906643668,1,-0.015344135518225277,Fraud
0.3740422373385151,-0.5328434479928951,2.5017089034093933,-3.152306774193171,-0.7193307643012528,1.4273485705895803,-1.5755035501407415,2.1604002813600918,0.5887370153566788,-2.008964650398544,0.3487485181579275,1.161257317108507,-0.7390379044788854,-1.1630094405185734,0.5293270914221058,0.2047815955292052,-1.0854758311811334,-0.7971097936402459,0.3268368405670131,0.3624286023442139,-1.887985916999439,-0.8050809956656538,0.1237802785691481,-0.8980199740897314,0.8144161034419483,0.0524709958120329,-1.7550536263555423,-0.1183124747306611,-1.554779232926295,1.0097517602720698,1,-0.010196207488917308,Fraud
-1.1156887358906094,-1.1454795342993005,-0.5233689603797891,-1.2649857249327732,1.979058850591798,0.1161724087559128,1.2720508687645855,-1.6152466164120305,-1.06791402126478,-0.9663980117118746,-1.5570645105401657,0.1850583143572617,0.9591667050048412,1.110862754483726,-0.8848366149488877,1.1178868937587585,1.3595410660731309,-1.9537924243897256,0.7326049290433944,0.2176334550392307,1.626900524947782,-0.8716706946177512,0.6736992255024361,1.0003265611640406,-2.695409150104882,-1.965006586203764,-0.1402203357107458,1.010196113882728,-0.2439165275566435,0.5149257429276723,1,-0.00649998000785007,Fraud
1.6703953826308289,0.6713276852946589,0.733379424097831,-1.670968096650636,0.5534999360026422,-2.266025810263216,0.3907258109772065,-0.0376665891123432,-1.6518658407601887,0.8354615700563849,-0.2509030265043751,0.1483220444580788,-0.7177387746852139,-0.6782760268641872,-0.2576346634731718,-2.0638981462403208,-1.0294764377647356,1.6047512297820457,-2.598181250441892,0.4642088324520504,2.037572257747238,-0.5278356738148549,-0.5714750901278165,1.646427497974115,2.049278586124122,0.3999703587525159,-1.5625226641975398,-0.7665539785570904,0.8158509405149706,0.3105371742334927,1,-0.01235765801611971,Fraud
-0.7588950461215381,0.0135313261498647,-1.603744032388398,0.3742942877125103,-0.0326384123537584,-1.668491277163866,-2.15820398096377,-0.5503316714257882,-0.4043349897236685,1.2495267686642983,2.103703153069103,-0.8472464577094508,-0.8533480756977433,1.4285457192887625,0.3759966125398823,3.5486823975964072,-0.2146452132847275,0.9845504969738152,2.3570168370267277,-1.2295681061931638,-0.9627547000083324,0.4201770796859336,-0.0467187524339662,0.1565008427895788,-0.7634133903808885,-0.0321589201533704,-0.3655877601647103,0.5389869632831525,0.9381212230608752,-1.5031257861715477,1,-0.0004846964872350368,Fraud
-0.1440209556494279,-0.0115743030008793,1.5728359699294228,0.2840622358638793,0.6071182690164124,0.7554539161070389,0.0135440327531711,1.7791724989218736,0.5552590073985672,-1.039838522708645,1.7549451306739494,1.4962388395973465,-0.7901607728265428,-1.2397718499219752,0.6837150098408158,-1.6019438140667608,-0.5330841058545895,0.3825609052969656,1.3854586638314377,-0.6589877866714011,-0.7006925351717248,2.1139134227707896,0.1315061783866476,-0.5261417984426889,0.2414912762056787,-2.8320068049167664,0.6822631845310031,-0.7094923937072463,-1.6625036407488631,-1.450253567410852,1,-0.004464947529689012,Fraud
-0.2757616362998989,-1.3523703664527895,2.287971163943772,0.5709815467045338,1.1164484609335483,-0.8849231808756156,-0.4491901986456327,2.0420280273986005,1.0240711113258083,0.4215607659495112,1.3436651895216314,1.96118174182174,1.5175295165057494,1.0495157179731134,1.1458152117343012,-0.3294640057708485,0.1956766949129737,0.6806658350865321,0.3182275725134029,0.5030345061486255,-0.1411685662513296,-2.730590790489792,0.6765903000420064,0.1080711023711677,0.1269978735905769,2.2010592890208907,0.3566792085657947,-0.8049228839111736,0.6879218658288984,0.0855611240908805,1,-0.0031104585913239724,Fraud
-0.0597018615111391,-2.329832141446896,1.41311567683573,-2.4013098436535047,0.2511621544846109,0.0442403737590005,1.6344863863087602,-0.0761988338502692,-0.6682161625603188,-1.4088399317546163,0.1054143987695308,-0.3034781495955081,1.0375417804850144,-0.4043988709036429,0.1572574661936918,-2.11726923176251,-1.022952529357455,0.8382449944986625,0.3349703181536067,0.6352131678260136,0.8193880253133758,-1.4235848713491233,1.0564662458862497,0.2398749134381257,1.4250164019572262,1.2548340283642805,2.275557562074328,-0.8656393568227438,1.1570565496219116,1.6678032049787836,1,-0.0022047826609558063,Fraud
-0.2530362899197986,-1.5824832036128305,1.143043308312635,1.035003212981651,0.6283406060045117,0.796182792740018,-1.3191634001524846,-3.1531046476039197,-1.628713341183314,0.2456451254290375,-0.838710127673364,-1.012910198225386,-0.0995884727477625,-0.1896516786382296,-0.8506593800343473,2.5599088472346176,1.8326469449145253,-0.3618307291149006,1.4865821264292336,-0.3348708152610501,0.4308631618702772,0.8420324660648629,-1.018887374360187,-0.8521311952194042,1.1900869181752898,0.6248928776320877,2.233162992979291,-0.9003475671109358,0.6407546982756055,1.595690088434649,1,-0.002953795701474027,Fraud
-1.6383328864912905,-0.1646837267010047,0.5923147874212866,2.317547475016053,-0.7235598552792752,0.0625999222366577,-0.0008487044533614,-1.0530206766981334,-1.0011195787047944,-1.885892528920325,1.527449225570117,-0.7944043127818767,-2.085725842973184,-0.3866840888347124,1.218580179139411,0.515512178838105,0.5108839235525302,1.618793419137565,1.0419818047362672,-2.616912573444061,-0.4773410417491486,0.4345414502221441,0.1892870105709808,0.5557761946762668,2.683427731170224,-0.9697282146613514,-2.2496276754369715,-2.433260223024224,0.921502482127008,-0.1601425272239542,1,-0.004589678117781493,Fraud
0.4847315906869038,-1.1001245618804243,0.7163950856235367,0.1175674780713899,-0.9475811285295608,1.1729674543772026,0.4912574536671825,2.5229638999951645,-1.2597937660646092,-1.121964805335755,0.4003889533890198,1.5043110861954498,2.1714683335240483,0.7014707500025941,1.3604616410749184,-1.2569057251181397,0.0032250868935475,1.5117190064264188,-1.0871313898429766,0.7632778595815548,0.1944552455210683,0.6372603248576585,0.9326183713152326,2.0877009586412845,-1.1094505120640652,2.969413423600024,-0.4824897478552796,0.5610843257815213,0.7541322539788659,0.2925536497227228,1,-0.009732081535410664,Fraud
-0.6296476334441012,-0.566458445415677,0.8971889613769848,0.4012120107789133,-1.4238381181296378,0.5958741273642053,-0.881889031247129,-0.4222081585083628,-0.2626700084994515,-1.7989461098696231,2.2846627534651778,1.089273438379177,1.5147068324944084,0.6924885677171257,-0.6974418586710005,-3.969358437333755,0.4361400510164275,0.0577023361080978,2.232884650019145,-0.7952558110299233,0.285909872817174,-0.5981093896125173,-0.082272248834408,-0.0839394525320594,-1.028221532714946,1.850307174233636,0.2168853831862663,1.0385974888425729,3.0959972904392954,1.369873106736066,1,-0.005309041673506598,Fraud
-1.834445129731293,-0.225812003002986,1.0040392642665372,1.6309902849187776,1.360096029007816,-0.6570132149243701,1.9555648374952976,-2.024816996367187,0.7660764040344719,1.832376040297523,-1.4806824142316315,0.1763289313050761,-0.3922089645273,1.5641267390451024,0.3300575852342939,-0.0370242988009634,-2.4169495871674456,2.2263310057215424,2.0359255742343527,-1.455732062822359,0.200482643166507,-0.1488419830462878,0.4820564506025149,0.4575007081923289,-1.2050432845999053,0.0474515137075307,0.6152815511625366,0.4200696137672139,0.0778356156929679,-0.2487620142774156,1,-0.00670743177594485,Fraud
-0.8530928313440269,0.5843007553133324,-0.224563368086974,-2.999784854101436,-1.7330385547705156,-1.3480177355439942,1.511261739243145,0.9551833453253392,0.3457395369292093,-1.4931411350857522,0.4537376848637847,0.6004735154055634,-0.5881412625870591,2.786866475991385,0.7676772267387068,-0.1050647716471941,-0.5440778916822562,0.3214490624589864,1.8181553124075231,2.343179370628253,0.6096539867324884,1.9770655304643188,0.4731065214728739,0.2538704478466573,-0.2350023725632189,0.0518837914857219,0.7856763910662501,1.894447408632836,-3.3222225350086947,-1.0862998688012493,1,-0.02892168867852335,Fraud
1.1500712934290442,1.432698437975484,-1.3508060178364452,-0.2052231125706374,-0.1162030027234727,-0.4067104154914264,2.009423163740028,0.4016605813691562,-1.1208036734063382,2.7623544124497537,-0.8659913791050913,0.2966826820863719,-0.1236394759390897,0.5081466097423667,1.5404410148944865,0.4512814878537782,0.5649247167857687,2.382316418947351,0.6160519254127442,0.71066499530213,-0.7334496365506862,-1.6214524889490054,0.70087373104571,-2.591245484993467,-1.466425964549671,-1.680323533684973,-0.7482867232482043,0.3339675489887127,-0.9243754495566242,1.4214680073083252,1,-0.009696435505665069,Fraud
1.0527582428393458,-0.7746637378865012,1.7007979837960494,-1.9089167385071464,-0.771792773850359,0.8614767238021473,-0.5489348086526825,0.0349028142616404,-0.4385516284448072,-0.6945576511015069,-1.7282353362252938,-0.760812188125958,-2.5783990109941546,0.8030280340243088,-1.7119180242632663,1.663519929013539,1.2473045243958076,-1.5875340261147568,0.6426574839487378,-0.1331850203174924,0.1681346193832139,0.7027419735038672,0.2876836320864392,-0.2184695922685064,-0.5920189729149318,1.2040300515907263,3.327255726775652,0.5306646780143309,0.0181276903204356,-0.5591586137482527,1,-0.0036644872573626808,Fraud
-1.515385400411005,2.167360384494173,-0.2214674257694792,2.5554483043991163,-0.4047064525141212,-0.6319229465924093,-0.3605610753730605,-0.3870968180073478,1.416277938138516,-2.6549281341244924,2.0798793613193265,2.311883455585161,-0.5719084424133977,-0.6769016925356166,1.0585117930533412,0.0028012300166193,-2.8692341500851417,-0.1627888677240824,-0.318773802380053,0.9948070021116552,-0.8895637274180339,-2.5306700009120844,-0.2634695037334985,-0.7740112908147445,0.4833355153915457,-2.149309878403748,-0.124774156019202,0.1955633766107293,0.3950046453257257,0.1970860451336848,1,-0.017771152891836228,Fraud
0.6557846753637581,0.1201727558247432,-0.5633168401222733,1.065414336794129,0.2526104213666919,-0.7410108837610742,-0.5117688498637777,-1.5589661970319106,0.5882768722858988,-1.2032558031360523,-1.137071793758342,1.505544801689153,1.5877155471060846,0.8751167998805505,-0.8480102853057269,2.2586767636553824,-0.8782120595098436,-0.2510288506952863,-1.9133218251654367,0.8728419990158264,-2.946804100857554,1.25540594582984,-1.2010051059656195,0.7279176245621753,0.7530984076435187,-0.7922161958228354,-0.4849971402579358,0.1108282835668669,-0.5517572707874419,-1.6854287181397989,1,-0.01524361416141179,Fraud
-0.7532809842346189,0.119251448915551,0.5759347637684871,-0.2993073866006539,0.6012048376575251,-1.3478937254548058,0.8082167344794562,2.3255922916631198,-1.513327012727712,1.4873186731909736,-2.6315980683347484,0.3869041053573186,1.1642647584905728,-1.6914456038518342,1.2239157728873036,1.5210105781049628,2.21498488599468,-0.7476711326387023,-0.77600321600056,0.9382946968784204,-0.2512625358224261,0.6473914688097986,0.52509270273234,0.9846362843945629,-0.081251936379544,0.7276971981656315,-0.0083776489139713,-2.3021713125346315,-0.9999815609644412,-1.2355730401541591,1,-0.02584694423231576,Fraud
0.1523539413109574,1.3061251346110678,0.1055719802411093,-0.2474592872151927,-0.6573470093687689,0.6340503928861656,2.1321735282858447,-0.7292956732292956,-0.4089645197440373,-2.1129607168561697,0.1042908300080285,0.274295061303311,2.009275107175375,0.649248309028646,-0.5618447712861971,1.9885476566823164,-0.4227866841876824,0.4449057457106323,-2.006918074431075,0.2485038854714918,0.2587209358521128,-0.9532436201581912,-1.538524404515796,0.7219862216413988,1.291909606883584,-1.7842775142787013,-1.669844335859124,-1.946212791449053,0.4390365916654566,-1.1763187245254036,1,-0.0017601999767650756,Fraud
-0.1290772477355212,-0.9335565001861555,-0.0907566693006759,1.3115973487715715,0.2293846586798539,-1.803054027999309,-0.7310440473649673,-0.6578284665160553,-0.174807973028703,0.970927512430458,-0.1260685469894356,-1.239222136953297,-2.3408107762930896,-0.8368215778140334,-1.4812774474278536,-2.087671582985175,0.464551553322328,-0.9424711295012812,-1.0896731907006467,-0.9167924377710712,0.6297886779743158,-1.3525490179133874,0.5625263806460626,0.5584570183352352,-0.823159890657613,2.335074265377784,0.8901839837750658,1.1475643245118423,1.2450204209695293,0.7491983459765621,1,-0.0183994537461038,Fraud
-0.8847296963850295,1.4955682623548774,0.4004536122701667,0.3944569189032535,1.2932406318614151,-0.9256196921958022,0.6891567666242512,0.0306793370710931,-1.4823192125053084,0.6385490014984142,-0.1806296959949637,1.7914866909944571,-1.422469166068394,-1.03823322160006,-0.3221713841195977,0.8080641901473412,-1.3957195625209748,-2.3478482915417045,0.8268638837816995,-0.5864015084994917,0.833737265651705,2.3537080353153126,-0.5826019818724926,-1.5493936690691303,0.64222354293052,0.197826422070529,1.144549695046622,-0.5650161209245225,-0.7648464079140638,2.805242985630179,1,-0.013635798026249868,Fraud
0.2390207830873121,-0.6151110751758826,0.0917126813400986,-0.0792378768550155,-0.5169444734487143,-1.3409735863809145,0.7935514924556564,-1.5798594780804351,0.8274696085043971,-1.505367170363302,-2.888874492891932,-0.1772505239759322,-2.0755506780809103,-0.0315519523739149,0.2517160425276356,0.1039369905346147,0.5107856514095452,2.2742125308240726,-0.6116943906976914,1.1181237905371388,-0.2241788777017087,-1.0377136411211432,-1.2423568709735762,1.5070464851681016,-0.6171767716934641,-0.6915114933483872,0.8773544635579733,-0.6741017787833525,2.8918451653318216,1.3364139731481446,1,-0.008372953812237516,Fraud
0.8551741249874151,1.0379022527971091,-1.3094854770974118,-0.1677020882803935,2.1409599291170345,1.0592261001198482,-1.2713001147318277,-1.649425150332068,-0.7271278611894516,-0.0974573460590945,-2.137790309803922,0.6049825873380309,0.4828943607162888,0.9764341281361671,-0.3067802396715314,-1.9488711517221933,0.9282257708565128,3.2857835075487225,0.2084618939638101,1.2093403209737177,-1.015820609682587,-0.4454426474933515,-0.6072315011938423,-0.933790580007137,1.3713312140191418,0.2006802032479185,-1.1223797166319105,-2.362343866391363,1.7734840519614763,-0.1727249893529456,1,-0.02422860442054936,Fraud
0.0950986036540395,-0.3656162417561348,0.4625871209720366,-1.1691405288566534,0.1401385317370688,0.959112704165135,-0.4943838992730968,-0.929000908086958,-1.576494697968982,0.5429381585077407,-1.032036104867567,2.561939855157242,-0.0626269069308383,1.149934562527688,2.364843261517944,0.2055813864783207,-0.117777471994979,-1.5757187317223744,-1.3098618749180644,0.999346134568472,-1.366642290796075,-0.5729702679318992,-1.1513495707450516,1.2487278689675436,0.7582716871180304,1.6819267139225922,-2.1154080475588595,-0.4067241663252469,0.0306963277749282,0.3899597256227715,1,-0.009592304572567267,Fraud
2.2694870351883267,-0.7322098311558362,-0.2703854655805366,-0.8579424475181737,-0.9126327471982828,0.90652268372987,-0.4457156540907164,-1.2579395738054695,-0.8828325844560199,-1.306347210928545,-0.9782193608978896,0.4052701053956301,2.644174302546741,-0.7093547052549677,-0.3841083123791292,0.3298114392929042,0.6379303953920695,-0.0013133788491328,1.2426156364434784,0.3543740933797753,2.334047999435375,-2.5484853326745567,1.9574423761457125,-0.8070631572600924,3.079388674604211,1.94107066566908,0.6524340464272735,-1.40015672509877,1.6609259217357757,0.8819192914239695,1,-0.01958769568329649,Fraud
-1.2239778735631055,2.23831610974251,-1.0624238949202771,-0.8084647609102524,1.6301922798508703,0.9204347727858584,1.935144331826723,0.5412601301094829,2.965847528729042,-0.1048075192584584,2.944788777861323,0.0475416967132144,-0.2946708958991528,0.1462748476184369,0.5147963425318731,-0.911421837470228,0.3587230206198659,0.820101753039198,1.595105410911701,1.6070658025917424,-1.1489506116723138,-0.4366644677232778,1.2643419978870991,1.4240366637550097,-1.818950582515179,-1.2138871233328787,1.618269742643347,-0.4439724635131211,0.2460456336535599,1.5671841221078413,1,-0.0059916315184553315,Fraud
0.0171258099854259,-1.055925670162133,-0.5711782466261613,-2.0997163759562483,-1.2406682564065368,-0.0140596233363844,0.9594889185288225,-0.3569998725691492,-0.0305660426683623,1.1616935987303851,0.8332259354645665,0.8187447908346392,0.1192176904367075,-0.4901248770390576,0.3957616051282713,1.282519750030574,1.807448703419416,2.405985405829733,1.5296980799396347,0.0436920346066174,-1.2024258077731236,0.6019893312142464,1.0965869774283126,-2.5533211124157806,-1.4791061145471032,-0.4568286397284603,-0.7688959569638543,-1.609057000587072,0.3800481873216919,1.2411894627726705,1,-0.0013793053326948135,Fraud
0.7864367404602209,-1.3158684909420566,0.6689168538029714,0.1669578818594197,1.8827731370896472,-0.3487745112945211,-0.7394145491185011,0.2471897851205529,0.3361108151666669,-2.216728507701094,-2.1932215435751723,-1.5791828797984495,0.0464381673148465,-1.1975535813745004,-0.5899127158926228,-1.3323143360803302,-1.8868623021359223,-0.0627782198092201,-0.1989499026016678,-1.959479636955818,0.4367621022245184,0.2630455361845449,-0.1960561286847282,1.3701389793530123,1.075220624947271,0.8024377733053557,-2.4096760662727505,-0.6391304753699053,-1.2271962183230052,-1.47788798649535,1,-0.01354857131580739,Fraud
-0.4034475254741177,1.2174876274525408,1.607214512519955,0.028942445441988,1.4112204392460272,-0.144089596124421,-0.7269833756551836,-1.93336092874554,0.3149787879243393,0.5023966022147202,0.2005092786617078,0.1801345648697757,-0.6540073604140276,-1.2838978918517248,-0.4378651931990844,0.3566913426756187,2.010585913038837,-1.4837919767445535,0.8190234253813526,1.2786929236811733,-0.1642943626589306,1.9832884061721583,-0.1032030877804122,-1.29995521277329,0.866731705958404,0.8645197056824686,2.4160844215748134,-2.850407691349004,-3.006946583265764,0.6814268804244598,1,-0.0017070741041503301,Fraud
-0.3117956427516538,-1.216779043606293,1.0870701322169265,-0.401028775374867,-0.1849394983571496,-1.000800436633832,-0.8656334001346743,1.442437645140834,-1.375081472552132,-1.2272474131438929,-0.462265246842983,0.3181493107012616,-0.9674337044195722,-1.578147081932043,-1.2205234576179322,-0.415840069186823,-1.0006347367268984,2.2233273847845854,1.982201176459985,1.165591135170044,0.3764308089766865,0.3783679026352259,1.322085542548705,0.1307561662444329,-0.8234889960094458,2.1232136472188143,0.5752278495815137,1.4530488728903297,1.812129093788212,-1.772237667117028,1,-0.017019460329778358,Fraud
0.6228781787418424,-0.5890910523288915,2.195728025399909,-1.2225853282750652,-0.1270082709583762,0.3790779247836461,0.0434469763803437,-2.0291286969360907,-1.9011369637026216,-0.2013193314845576,-1.4719518614031728,0.3454765734114564,-1.8419297039646587,0.0119644862765909,1.0503192579953542,0.2554917704090446,1.9923767360415767,0.6123448467201893,-2.2597635641362706,0.1767518540380158,-0.6147088620890053,-0.1311316581762857,0.0449878080176767,1.3255543763003432,0.0787841565447194,-1.9738924245697824,-0.1927024731524396,0.5837539677699886,0.7895266596301544,0.4377809377809348,1,-0.0023163654282276624,Fraud
0.4926461563504111,-0.6115271069804568,0.0420030922424802,-0.2991353400444021,-0.9629529085294292,0.777634988922552,-0.3989557108333865,0.8438321843877771,0.2933685077211863,-0.1127296949903354,-1.5165277352096325,-2.6210181638088743,-2.716209146461336,1.7180652099591962,-1.4450154921132723,1.1434710368204537,-0.8812355178408718,0.4230654367228607,-1.484381150514017,-0.5605198399583037,0.0737566061699079,-1.794302166262971,1.926660049946304,-0.9311230167568112,-2.768583044413289,-0.8876733103406946,1.2603977663913155,0.3756359299996793,0.1439361797926239,-1.9572706656147028,1,-0.043720152188921946,Fraud
-0.2975635033599919,1.3757068133116197,-0.1500555870325267,0.1255764534715422,-0.1730718242838696,0.0155790475814675,-1.0962750868952018,-1.4400508825942944,1.5945050632249722,-0.8469613483183278,-0.9913923494563072,-2.153390113603715,-0.6389617476895022,-1.3230897934074983,1.642015160136369,1.009817089342634,-0.6881503451777238,2.2524358053443088,0.9817654869915944,-0.3248313835086224,-2.499405714873573,2.2909425725907417,-1.389572466763596,-1.6453987469568918,1.0225704320096405,2.439752406339273,1.3842728185105182,0.5639091200523596,0.594754341665286,0.8534155587803077,1,-0.04929576914745265,Fraud
2.2847938205413394,-3.1423105068468784,-0.0780615415378102,0.2086579092825583,0.5020700437307757,-1.1043620962366054,-0.3471166760586565,-1.16329319011448,-0.2204433406461892,-0.682776785573128,-0.298625758156226,1.2597804095079046,0.0249524375479526,1.069989332944718,-0.7418467185272126,-0.6191217165493594,-1.284284125049387,-1.617859547975653,-1.5096080942163488,-0.241107990095573,-0.135310179422574,0.0153810634036705,1.7918750949841986,-0.9362263760268664,-0.8757127654106156,-1.3642772040346898,1.1863321316416526,-0.1152350681134255,-0.0978926085752873,1.895657794041285,1,-0.004085047032763467,Fraud
-0.3056401795004166,0.2970754459297035,0.6569380079791007,0.498089877636759,1.8828439261167436,-0.1356334454556562,0.0212399290593677,2.041348254066544,0.6483730711673422,1.4279099250750589,0.8197877009450877,1.1426181338754977,-1.8598236002791373,-2.4301888563966534,0.0346754880877101,-2.2250464563010603,-0.4103927424927627,0.9634245525480364,-1.3753288631294946,-1.1019757698560018,0.4210669792936004,0.4305573689389745,0.5883872541055105,1.944716900612353,0.2197239330562818,0.7505385411521157,0.1649135299595997,1.229738871692604,-1.4948502616761032,-0.2063800776535625,1,-0.013939149372515447,Fraud
-0.8256405057261585,2.0356417637079214,0.4644248422008478,1.956362879884816,1.1641615056317198,-0.910107420156362,0.1589743635326092,-1.3969578221812953,-1.5488300146188996,-2.190526642915549,-0.8835381145972075,2.922382504048877,0.4317876973161741,0.2846178336694974,1.8693215703426689,1.656662448186511,-1.1936266750081177,0.1835246307073131,0.3379851789245982,0.394601904631105,1.175767743675762,-0.8365681616980329,-0.3528550832465272,1.1919679581787674,1.5209616361710026,0.4793029194828563,0.9995162261971494,-0.0741919452186722,0.6589443873946914,1.6452610948171202,1,-0.0028953685373943605,Fraud
0.1325871187722584,1.840005765281842,-0.5404325115238688,0.6907981825490047,1.3347593859668037,-0.2212088368321027,-0.296966045977803,-2.434341075154569,-0.7428111256402824,-1.751681359702567,0.3833674134650851,-0.2629468429248833,-1.2774098814060626,-0.6578343306893123,0.7982751546973297,-2.175349108220052,-1.7068464623773445,0.0834817885093268,-1.9899468004552348,-0.3784164476728688,-0.1707353618533879,-2.3698486094062736,1.7798704708479,1.2114510573292594,1.2247494588540535,0.1234893198923179,0.3771753958345263,-0.8433196472530955,-1.7509106106229952,0.7494982722182251,1,-0.00568531458795557,Fraud
-1.4034593159439144,-0.0698305807989015,1.553830343042419,0.6723620854350605,0.6670985269461229,0.6877548193076938,1.1714439405141188,-0.3392791921650918,-1.912064202255311,1.6846764030901518,-1.0415285751810148,0.4707850284571205,-1.3186283902053224,0.8203510623894645,0.4784553630332017,-0.2374015180112315,-0.8118666485080896,1.604644766471096,-0.6612124649320562,-0.2050456783975062,-2.265072070887368,-1.4064083042316915,1.3235809630632942,-0.1636381864080062,-0.7656982285109536,-2.5485513102441675,0.8502232041282184,-0.5827836077756868,-1.5640430682712951,-0.7683711929222764,1,-0.0009015240042241079,Fraud
-0.5781829907617918,-0.5956817194978963,-0.5519172699737169,-0.5658140195323247,0.4960046961226493,-0.1049441419457349,0.9807228338513452,1.840475004272015,-1.1575721712296068,1.1291836083235745,-1.9113772028089293,0.3543863077734272,0.8408699059791536,-1.0111454191161446,-0.6294609453878378,-2.429971711102067,0.7769189613253467,-1.4373260859397774,0.1777926726157795,-1.4590181065372847,2.260530676923378,0.586048761545918,2.089801851831306,-1.370996277036742,-0.0316678972566642,1.5567006185522587,-0.5474652157906686,0.3562783141733086,-0.5936136010486218,-1.1689463390779382,1,-0.021959155553958054,Fraud
1.4741660620277892,0.203498071966418,2.1835217415484376,-1.0815959185783166,-0.9780133316151208,1.0499475532595346,0.6962935838679688,2.087484097021442,1.1835522927326656,0.2665927727830294,-0.7592111721852762,0.7407970305524237,0.5626073910325234,-0.4803744207922229,-0.3891952835589582,0.1067710345233047,2.5834259579104817,-0.1171431044153927,0.7978760067864618,2.4028288284177077,0.0954554870052701,2.078898389661982,-2.563322890487433,1.2697873366977217,-0.0791991292425657,2.028559398967529,-1.846031122201561,-0.1152111211051589,0.2858929181179289,0.2391090657929999,1,-0.0006023096546749485,Fraud
0.2627207995546674,0.147626651344679,0.3038058944158267,0.3016314038902848,1.546885196253287,0.8672160735905102,-0.4253424280735329,1.1217189487907664,-0.7344720668500619,0.9499666769404675,-0.7074569952601519,0.7870708631357055,1.6323415434799442,0.4155780776071509,1.9432625333026683,0.4856313278924881,0.2479348004454768,-1.1909493407063043,1.001121874820019,0.983381472645102,-0.6338231586219897,-0.3320271520057632,-1.8742912028558152,-0.9459455704175664,-0.2303219857114905,1.950487849687175,-1.2028195651606637,-3.0480402550223187,-2.4491034091104766,1.900594621634795,1,-0.00955027255046853,Fraud
-0.0290670047547217,-1.5226420631389257,1.0730065544127825,-1.975548602983616,-0.0967413147512398,-0.1441424329681992,-0.199519221538021,0.7851192865246204,-1.999281113198564,0.0039486339802859,-0.0627108122645481,-3.034911807246924,0.932503814805454,0.4458040241825501,-0.4145550825800559,-1.2857193662779327,-0.2996194301614511,1.7086817356897943,1.5106329710214428,-0.3851918711160749,1.7396713027575388,1.8542028021508492,0.2423170859579286,0.9309000917505992,0.3799281153276438,-0.8330433989920846,-1.084897948981134,0.5463811038492015,1.568836142852184,0.6180897905818385,1,-0.02126635970232088,Fraud
-1.330513568700647,-0.3252615837302826,-0.9423506769910316,-0.2494849458824228,-0.1327547381923049,-1.3794334971751028,2.627409824150363,-1.3428374069457607,-2.26820153902246,-0.7746790399822318,-0.5313870597654803,-0.9579368925438034,-2.034472655172306,-0.1063585183386457,0.3672483093415472,1.2143206591564193,1.777017320140483,-0.4915647501370354,-1.086249210191024,0.2801130605037329,0.8742401984559197,-1.2475923000386606,1.183458825423632,1.3921590830514692,-0.5313287157131521,-0.2406008884667038,-0.2499381925383986,-0.3765284975032182,-1.459208349867127,1.5076580416687473,1,-0.007264854045035463,Fraud
1.141658510157477,-1.027764835799013,1.290621965619564,-0.5945255952280037,-1.5519919426067017,-0.0484584763718082,-0.0792806733124904,1.179058267700572,-2.5148999675663077,0.7938130234375105,-0.6018675638879808,-1.3450535626626317,-2.3696473054039298,0.242574341082756,-1.3910430970189314,1.7870138117451828,1.22221825352197,-0.901554820005964,0.6012609567796686,-0.3608953169330385,-0.5395616921223851,0.5818244986390959,-0.6308103433074342,0.7307262142937238,0.4264413792839904,-1.418030901633287,0.8121559249058449,0.5703197384569093,0.909465673610888,2.1972503223807727,1,-0.0020643891823028393,Fraud
-0.8495873595123786,-0.9024820919627248,-0.4137814871187547,0.9676857191926188,-0.9678026326887266,-0.1853346962065486,-0.7387488291847737,2.208636244784208,-1.0503717041670897,1.8013617892491798,-0.5817732736075932,0.3261362112771266,0.0615117218291268,-0.4595446326432127,-2.2996533051842003,0.9511015649693888,0.427103398901838,-2.438980563564213,2.097455842661339,0.0949245384346059,-0.4132397039500446,0.133829316214678,-0.8946025672025834,-1.202978312035301,-1.8926262617868044,1.4522585266548582,2.767696465298937,0.0601541476000722,2.196693008678124,-0.5402793596436093,1,-0.004118247460387914,Fraud
1.0020587956596123,0.2166681444311379,0.1401447671024646,0.9261680333804724,-1.6104042157661664,2.22499783959916,-0.3518940160296225,1.1118967148857977,-1.1761211693387263,0.6122613822566911,0.9918280693563808,0.3499418332002248,-1.407198793721126,0.3795988706581567,1.5764652397914385,1.1953852561206046,-0.2470531099444254,-0.4125765108430023,-0.376169755432467,0.2525305405670722,-2.170729981422904,-1.2093643985578435,2.115957713683916,-0.2932898924990887,-1.4663796238045,1.0983569754355882,2.414717512310652,1.2979876939353283,0.440435605577812,-1.9244787361449305,1,-0.0012661307090205964,Fraud
1.480412844324119,1.929659624484697,2.641949280506426,-1.7058386736045217,1.0876108615463047,1.7788258090801097,1.7098091831982067,-1.293838102547137,1.4298343612366136,-0.8391405494548917,1.483647900145904,2.054766367777342,-1.6899665761056444,-0.7748497350932543,-0.051330131024059,-0.9373739356815942,0.8617000784372881,-1.7202945172444637,-1.11475980546404,-2.751845848264936,2.386031422639818,-0.6508978680328603,-0.0142536123420844,0.573917099788484,1.288367077974742,0.3992721833404523,-0.861283133482528,0.2077733820930702,-2.152774931085391,0.82387230597238,1,-0.0020857579102751544,Fraud
0.3870880725930127,0.8449573985086534,-0.6269972729995039,-1.2860176274263904,1.2590252386914855,-0.341241335833669,-0.4680565243416003,2.562977104351966,0.8836071308036001,2.259318532705199,-0.9043429217327936,-0.1287762536020518,2.3566062584687053,1.11389592790138,-0.4855349395818317,2.1237101595730223,-0.6399527895507527,0.9458338787164468,2.6315189307919864,0.6956583056717967,0.3418976313796217,-0.3416582745246133,-0.7357408861495884,2.1930548260758567,0.8076887680212335,-0.5976139063006968,1.4599914807115613,-0.0518475847782517,0.4882526066754301,-1.0803170108879347,1,-0.02290206288674218,Fraud
0.3432785236488938,-0.3690892305629991,0.7633901436394211,1.144358269534592,-0.4540595243206369,0.3890392057897633,-2.056008634909631,-0.0873544258042278,-0.430586053225877,0.3107477318102018,-1.4341338543950437,0.1323720215492332,-2.346479132346288,0.9746552060174556,0.0351513315698325,-0.9965090363837809,-0.5754182533029343,2.8907131681499525,-1.241550890073469,-1.4830844787374604,0.9057129563010002,1.9829366749654425,1.644111060717889,-0.3751986369207479,0.9235921100816866,1.042028675049054,0.9327343683442786,0.6000277515202805,0.3209965111598582,1.4064605773687189,1,-0.011043208157777762,Fraud
0.9041958140762484,-0.6226473516777409,-0.7251446492704843,-0.3653731837870042,0.6703666080328651,0.0509000887899487,0.4679609748999105,-2.603232522495672,-1.8819683265925324,-2.153679232368571,-0.3792938542859959,-1.3976598745262194,1.6896547635169814,-0.0213849663208259,0.2166884529023424,-1.0897921163939,-1.1209880907601657,1.5512386368761766,1.7824123245947168,0.415822012491502,-2.031747836930879,-0.4254781306237845,0.3132674864923491,-0.2279662700537921,-2.1201660905908137,1.8495155760421207,-0.8354939530448533,-1.3411491273491123,-0.0308761959818812,1.184253464560505,1,-0.006422915997923939,Fraud
-0.8842670933758519,1.0642924694810634,-1.0514492072467525,-0.7342475877862348,1.4862703527316707,-1.8025141439711696,-0.631337596850319,2.563109162164108,0.5909399451612928,-0.8935159829903524,1.2791417766362234,1.4115892281962206,3.1371047190810035,-1.205972119915451,0.1711344417282722,0.514094359323132,0.4962707836991201,2.39065873890252,-0.120410947957562,0.3425313891755107,0.7456424841725744,-0.1508794929794144,1.910204584147856,3.398709201724667,0.5402468769286334,0.8604932317338312,0.2999304978405308,0.2242677990789336,-0.3021394307632792,0.7306880680042855,1,-0.006277718018770584,Fraud
-0.4640127071413539,-1.1221409805133458,0.6832699689572118,1.8571809725096744,0.904322865018653,-1.3916371891295425,0.8828413392711169,1.6854596425775965,-1.4882616831685522,0.4596528950747179,-0.2646728032046929,-2.7964128838499,0.7056058125551298,1.0950601870498604,-1.0313780787790647,1.4639003610026484,0.8235910360151125,3.001911310038098,-0.2595474391760236,-1.1886625944001177,-0.1506738670263001,-0.240774914559208,-1.1267678453672931,-0.7518053120676974,0.6308727444834351,-0.290424912889734,-2.289899843687679,-0.8081868837542309,0.7555086000670967,-1.1280674673485298,1,-0.019608124995218412,Fraud
1.1049564657018411,2.046058835230647,-1.1485835621480531,0.1507975757501899,0.347852057685095,1.2701323347724538,0.3900805741239341,0.2977696818144468,0.7980068861500196,0.3819158361107575,-2.011933310632726,-1.445426621775729,-1.4597016041452808,0.5180589791791217,-0.5186746742047255,-0.9000637901009613,-1.901833576442616,-1.0292906863942457,1.449422813190471,-1.805965302093655,-1.136087475650002,0.2934283409829156,-0.4401175796311358,-0.777053975995101,0.1133842480852191,1.9943227351092552,-0.4558006740170185,-0.8035788550799363,2.237489608265076,0.5289567396129623,1,-0.009597771459857352,Fraud
-1.4217836478859471,0.2093010088371976,-0.4597432135954268,0.5832514563467595,-0.122165262915655,-0.9875727290874796,0.4717306013137688,0.2880746298812457,0.6621604479513648,-1.2881760724352855,-0.5551808061479976,0.7897041796448014,-2.4190194573722765,-0.3219215415234848,-0.3190374494451891,-0.6232844999968458,-1.677988634357298,-1.1026522457310903,-0.2985104166909579,1.3632561560508276,0.3802963174079447,-0.3100487189471406,-1.4542258717209495,-1.6564517411758153,3.406189428107369,2.599348830096401,-1.380045325481152,1.571210768734543,0.336438932788762,-1.578990182790997,1,-0.008858796950293846,Fraud
-0.5024944401504706,1.3597458217746812,2.0441012747199,0.4093692823372086,-0.2407196782072821,-1.9917909108462089,-0.1364786489844123,3.3010363531703835,-1.7360555795487371,1.1859661250502858,1.2180491522033876,-1.6113560698473106,-1.1610715735269317,-0.8074867998293807,-0.8047170511400492,-0.650124349613345,0.3700523648937691,-0.8460499489010103,-1.6816398677274087,-0.2425976343679356,-0.8350877766099566,1.98536880337632,0.7504746105031069,0.4246613614537874,-0.363672474297305,0.9585153197553604,0.581291978545957,1.4715170019027175,-1.5526365248517373,0.0006296029119911,1,-0.00953335723659715,Fraud
0.5070143150087818,0.3136396172718938,1.1781330463602049,-1.5246426289982025,3.102285916876296,0.122182478413204,0.4465561744431643,1.8700244493552665,0.3185131029330668,0.3465957216101729,-1.9257310121348623,-1.10823272047068,-1.01795042493104,2.146580312931405,-0.5009724540986239,-1.992158390649135,0.4361846273801198,0.1497310098988097,0.979043251919446,-2.187102619833562,-0.9188687275495234,1.8227832920627725,3.679183467923637,0.2738884994245807,0.1955179008452093,1.1701747398457036,-1.284766892860237,1.435415946401659,0.1854521338832676,0.4675031008547951,1,-0.01867030574861933,Fraud
1.2376375731405929,-1.436511443095451,-1.154353004122925,-0.4715860510812797,0.8904729240126463,-2.404774891102645,-1.2420756097819297,0.4265291003262569,-0.0268772173931615,-1.020909933087591,-0.387533239051452,2.4648121740907376,-1.0545478823686156,-0.3274161088237833,1.5318387013052714,2.3777812654882884,-1.8268190328716776,-0.1182673528986737,1.1073301031251948,-2.51104431506034,1.3872515158275207,1.657771672274981,0.3194809152409645,0.0407453402353352,0.6451890584260306,1.434498516112239,0.5299850407079677,-0.3795814152985728,-1.9893554610504585,0.7853043751187966,1,-0.002630659002047009,Fraud
2.058086254511172,-1.86419635392454,0.8660962938448374,0.309315485175795,0.9923677979928144,0.9870024407283574,-2.3723630565348315,1.3460663456623918,-2.408181702080754,0.2204373938491733,1.7969810370434038,1.670775752740742,-1.8925755037144056,0.4855395306906671,1.7042176206373607,-2.139855990276895,-0.2307058795123598,0.4312668387933096,1.9468620466758848,-1.2971750020527002,-1.0159725273065936,-0.8574611070054301,0.3912941128321546,-0.7165982598400895,-1.9975084228081632,0.6275355721072077,-0.4644070823422845,-1.2548256906001565,-0.5308304354861835,-1.022351149531623,1,-0.03232060104809903,Fraud
0.2061710504429532,-2.4854727906090464,-0.0159906755919157,0.2937062380986225,2.6919111870299823,1.5798645277179584,0.4415904350011838,0.9251115780575904,-0.9914701708414804,1.156918333074819,-1.1333369722343625,0.5719239600684728,0.4700367892730454,1.6092311673814412,-0.8579394387735131,-0.7475289895679664,-2.4567584177998434,0.2375057617971883,-0.6405145496469218,1.3243213541837546,2.451667428098973,-1.1314419162817644,1.4731155093712616,1.614408725710904,-0.3908528790042715,0.8712993175943493,-0.1061480871112462,0.056578421894053,-0.6943909766515638,-1.0067682931394053,1,-0.002532530132837274,Fraud
0.2006381654965767,0.0478545582520083,2.329828851666019,0.5930092572566423,2.241667206565628,-1.6152317105228675,-0.1906972818466322,0.3450874159078997,0.9826539154015652,0.7635532908138429,0.0277031250166621,1.3012891322582854,-1.5671376631761562,-0.6223911846929845,-0.8475033154262136,2.2748282388522703,0.9412384302905904,0.2057839138834823,-0.9028786384113352,-0.2651323812522003,-0.2094364188914787,1.843399452217873,-2.6500031616291566,1.1216300301692783,0.5499122928545925,0.7905701088668039,-0.0888477915474197,0.0458886268830132,-0.8095973514485633,-0.8549515024328936,1,-0.008288650025612243,Fraud
-1.2153504034852258,-0.5661411206876988,-0.7546819094932518,-1.0176967563928705,-1.16112123340674,-0.7499613901881695,0.9134731569468616,1.6621983434553949,1.0900580376083615,0.7245676474431664,0.1695354929465599,-0.0476638021043352,0.9597438635717142,1.0373622849385813,0.9166113821313476,0.7942742256455235,-2.295325234935308,-0.2932241788647256,-0.359058316700007,-0.3747722764941984,2.11758501059861,2.249235614875816,0.0563016351200331,0.7111739756156558,1.997074781268898,1.86871157939561,-1.491850201440251,-0.7285567470888331,1.157210304528246,-1.8403726214785996,1,-0.009885092486725477,Fraud
0.4061330200911784,1.0112566586334628,0.4044585282710007,-0.0810682234812099,-2.620891111310266,-0.1991873819097363,0.5739183916047511,-1.7342071239693342,-0.7737020113182468,-0.0895877336632534,-2.0573241550750256,0.9260249385685928,-0.1491086619564338,-1.1263159621047785,0.406915017216809,1.7860869951056486,1.4909837145521292,0.5371426861141464,-0.6564561338833507,-0.0214568664549437,-0.3056665757304661,-2.786772642323497,0.8078893910001481,0.8050854272336452,-1.7967245583805165,1.4170814910657747,1.091947627459921,0.9150457271272768,0.6357572731458915,-0.6207356084923278,1,-0.007891519334394748,Fraud
-1.004567593368391,-0.399098860119727,-0.4907659447093032,0.6417756211271763,-0.6858412360674553,1.1997141903381308,-0.6829894890553171,2.8954627250251592,-1.6636976370895986,0.2876190633658791,-1.1420861427115936,0.5031216933764858,-1.8357533188249808,0.3323042259521188,1.034477607545763,-1.1619715177605132,-0.8602480193887075,-0.6496265888036965,1.936146091707263,1.6069379509361137,0.8734157606704924,-0.2708974383204086,0.980282579990396,1.6537688968040438,-0.6549273863490769,-1.2455399587070848,0.8989742622471807,-1.3471889232875975,-0.1258829174553245,2.145240009086665,1,-0.006556632605318746,Fraud
-1.5185468073883548,-1.4241506674786422,1.307202710914768,0.1479336778777209,-0.1390849524572313,-0.4608935369205359,-1.3695698043249058,-1.1608303546361542,1.355006598014865,2.778183458749905,0.4534299669597589,0.8010475599061536,-1.0727810722765516,-1.102405083572397,-1.9067935996094407,-2.0556233758920626,0.9356345962701416,1.439938166307933,-0.1164151924211373,-1.0786649012895768,-1.178691700876994,2.615854952363486,-0.2808006710373876,0.1130998678026697,2.256372952500607,0.4514905619504752,-0.0128074414434411,1.033477501363217,-2.0732578553772205,-0.6019993275994199,1,-0.0084722078331117,Fraud
-1.9396468151979664,-0.890196075956866,0.4225197440575192,1.4414489034089222,0.0540854127715139,-1.2135898903361118,-0.8799206025050699,-0.8487059240643177,-0.4059886015648107,1.12089542499487,1.1989094501567816,-0.1722558947748863,0.1830701101135974,-0.7975578928734657,-1.7099084443537065,1.7883383534627455,-2.3224870505935398,-1.8358403176645528,1.796405855159646,0.0166154046704467,-1.1259149070880428,0.6827036310893113,0.7730533060459779,-1.3326856451477445,-0.5328453764695744,0.8762458637057208,-0.8169057463704911,0.2821637386138324,1.424812186366273,-2.3924848315411182,1,-0.0012043208326593113,Fraud
1.302229146228172,-1.046651837767586,-1.8729639229552788,-0.4606735881086712,-0.4040693974341982,0.6592128302369764,-2.2445674858570785,-0.5507093671333907,0.4556876202572393,1.8167083957468768,-0.7877281851655132,-0.436847399292192,0.3549913867414745,-0.3781456716115655,0.8614586096991568,-1.7835500027311053,-1.32616943646725,3.1190855333844296,-2.180130702957668,0.4580301415559973,0.6127419333465387,-1.449497951953693,1.681824540671958,-0.11093585632476,-0.5354045489465332,1.2899002783385058,0.0208638026971058,0.5337932144151245,-0.3153053026594123,-0.7271304813258546,1,-0.006299630602338346,Fraud
2.188830747992568,-1.4006851500961597,2.2554995542518768,-0.915806289986429,0.5742437841170773,1.9593986677384176,-0.3713554654844312,-1.255066912721868,-1.0978405687301411,1.1419978318755302,-1.2144379834438233,1.219174252663024,-1.2729884282626147,-0.0169692979532164,-0.3635644972612193,1.634451496228961,-0.5300523192760097,0.0012017656871078,-0.8611847237745304,-1.488183626773934,1.2196745133458968,-0.9003499816781584,1.1020264697071596,-0.2089757650487738,-1.3947709834772062,0.9258146543438872,-0.4855601614717024,1.731495590257176,-1.2023658871769105,0.4237264057486469,1,-0.012157622814020719,Fraud
-1.141954353065851,-1.2962989699366414,0.1789460543564909,-2.0097754517950306,-1.6828396046475331,1.8052466626272976,1.5493958980854785,-0.5707624596101843,0.9991791678137378,1.0337998940417497,0.4710911755946179,-0.0789253105593291,0.6264481711025495,0.7979883681003624,0.6421092072677065,-1.5493343902993415,2.0330676508608403,2.4033276689783016,-1.9091946182980384,0.5109667766200806,2.045722269285987,1.0022818023225757,1.012932794138331,-1.4385181525446895,0.791094751967693,0.2391966979999522,0.7798517450462621,-1.0355267512555562,-1.0714907984428983,-0.1425586874374724,1,-0.024179770529452804,Fraud
1.4007063750375075,0.3658689101034145,-0.853724043958989,1.7671980630380746,1.0592426912616153,-1.4808440269842211,-1.7567942024100804,-1.4254314497397504,-0.4936683215525061,0.9017828201219706,0.8779514673786032,0.3407198451812973,-0.1404540791892007,2.3713080440145835,0.0339880378072136,-0.0869853338478468,-0.5075785728885307,2.211993307745713,0.7208999102114342,-1.0344880035178852,-1.1529631387015664,-1.6800373700314262,-0.0967696255997585,-1.4984771332828777,-1.167602795702423,1.0683413483940154,0.8909963130313696,1.491401978818313,-1.470320272452337,-1.0023201334965155,1,-0.006484062446597105,Fraud
0.3686626839465224,0.3117256026225545,0.2968195119013276,-0.4762470116249552,-0.7218289406095256,-0.7564918572978019,2.111502075548277,-1.579109676554359,0.0407585361779596,-0.2881328876332783,1.264350409501712,0.8161097593114712,0.7084968407527075,0.2970151200906887,-1.3206573448198409,-1.7388558147233593,0.4685368095395155,0.1479183721942944,1.1247948225205122,2.0943217462829278,-1.6106940923722282,2.212193482270127,2.856264091056019,2.3996231596329234,-0.8202551205097738,0.838904506842934,0.7014318401010688,0.8524069410939032,-0.4110430336051929,1.5508740551836384,1,-0.027327209047561862,Fraud
-0.8730122948291124,1.4660545565267202,-1.2755581767780109,0.9329902637870264,-1.6165553839235145,-0.8283907242238766,0.9214253182888724,-0.7184875989987551,-0.2222134717650329,-2.450414542547961,-0.9196492754000158,-3.170750955034855,0.2091270253793178,-0.2713727610014436,-1.0645759639199712,1.8655545321682905,-1.7835834274190827,-2.0650271773282203,-0.6818199583660475,0.2828373377627989,2.7174765013013378,0.335681406161251,0.4853427403784727,0.8273630752135253,-0.8538771973569107,1.7973884236716238,0.601822751667282,0.6566634532254811,1.9832850002570384,0.5829316599772603,1,-0.029414913459994196,Fraud
-0.9810161979564695,0.7359474900059987,-0.6677299971274825,1.203862058946689,-0.6035733948875355,1.1221104225303766,-0.3151489890464095,1.6772058304602644,-0.7751852158159731,0.4701638553781221,-0.8631527653640707,0.9052781237110118,-1.9618058099644744,-0.8300551839253718,-0.2324218402301171,1.6911804751982358,-1.1614679290906351,-1.323614131799461,-1.717177428060323,-1.359333501987967,1.574833930496798,1.4865420069506314,0.9579480387883004,1.228401722492089,-1.308498740717405,-0.6794532681536287,1.310682908537222,-0.4263074576098359,1.3556959874430667,-0.2668959992976892,1,-0.005154061659365161,Fraud
1.241382346843523,-1.2888598774638678,-0.1497100354232736,-1.652435273870141,0.1022033763781767,-0.582147651661848,-0.8159473379619424,-3.154379770258512,-0.7414794413441554,-1.2088799656674831,1.231641257970413,1.3786311134412237,0.8241959092505539,0.8978447956007378,1.099902493375666,-0.722379017070056,-2.1248914986472824,-0.4144952454146282,0.5653756874882679,-0.5853404323344905,-0.3794803190170965,-1.738303498275411,1.233996591289698,-0.1305135023631635,-1.07199900776755,0.0423005499269036,1.2435884010290748,0.2349602126609088,-2.0270668161035004,1.5312237439993597,1,-0.003932229727686309,Fraud
-0.7964858715188414,-0.1467788787910231,0.6104615448073974,0.1205723946814835,0.2385714083984129,2.4445745034695943,1.1646230541867235,0.4109148603587099,-0.048509935526543,-1.20728800826003,2.8184972799919508,-0.8310385105525848,3.339513647666445,-0.8250766707308587,1.4228024923089826,-2.179303539716048,0.9911835013382556,1.6363082888812854,1.7766823127430995,-0.5448906701650407,-0.8857051535221295,-1.1668844504840818,-0.7492040982883243,-1.0390410319605232,-1.7879194421968008,1.7223790009233193,1.91160064646946,1.213624931596096,-1.1732825023409104,0.6709684513886607,1,-0.017362461443989285,Fraud
2.2634706361254926,-1.1898095701791398,-0.7846387875402979,0.1576769340697059,-1.410199886136658,1.1526066424215378,-0.2012178186409366,1.1294683595573929,0.6405039236647014,-1.978946678465641,-2.6585387849758644,-1.8415078911056653,-0.4489840789199255,2.3707149339565103,-1.957549644843981,1.205650673347772,-0.9782738362165136,0.3375259103221892,-0.3281119535501196,1.454818196643025,0.3083445422580932,-1.4015541380462408,0.1834080639791936,2.333015393604084,0.6652534824936039,-0.1086924312479089,0.7390188351730735,0.4752098636746972,-1.607877377710185,-0.4385577272472885,1,-0.008535243752139599,Fraud
0.6146805759975336,0.0648651572692594,1.1193699328588302,-0.2248274153489529,0.2086876025803596,0.933295604495241,-0.4884286294951825,-2.113623278588584,2.1831125697176748,1.021459483993531,-0.687501985980589,-0.5443951229679823,-2.055360618170737,0.6707856178718912,-0.3636888672506553,1.561361052603249,-0.620564356482908,-1.3412482841946116,-0.8441124501440753,0.7044206642491685,-1.9173402578375505,1.0563543995361977,-0.7224906212226092,0.2521202664583065,-2.163567496818047,-1.624202769820861,0.6247927113704672,-0.571591447660202,0.8319386893365739,-0.6596977290634989,1,-0.0009745228810039697,Fraud
0.1208067834401256,0.4881155881234196,-1.4685731332002545,1.8138342976340724,0.6741509508571859,-0.8070775704024691,0.6957291427310991,-1.2988195091674155,1.1582179618800557,2.5448262564820365,-0.0302176915094336,1.5562965837589489,2.725620283998966,1.7392055920395564,0.4293094987477714,-1.9515804071966043,0.4887108802854863,-0.5385064261097051,-0.1737294520916559,1.9721088349239853,2.5554693077240005,-1.2152697780701989,0.3152821014583492,0.0094977861354687,-1.0004392073647566,-1.5286383967847146,0.3618845916401672,1.621372907673042,-0.5101782979191537,-0.7721213267826862,1,-0.004898824320720918,Fraud
-0.5036528601844324,-0.8422196229186462,-1.5267413007975803,-1.0494969573640127,-0.2675493785463512,0.2711779090260046,-0.3253058759671218,1.5588066725994576,0.5464260706730016,0.4306031744713278,-1.7780675504812855,1.569613614047142,-2.063016746438136,-2.3596468577609846,0.7511798738512806,-0.4726715932927952,-1.622351499662957,0.3252000634032913,-0.287386835737989,-0.5261658235493228,0.0079252544914253,-1.3335204870530657,-0.97837676274083,0.5353273744191401,0.5415518470931199,1.970487057727821,-0.6030705887621681,0.508818547242799,-0.9307461665644332,-0.8259566076864663,1,-0.006132207130769951,Fraud
0.7083453806161265,-0.7486683218063059,-0.0092931981073659,3.237925899389049,0.6005750633195012,-0.2200193612821485,-0.9397770936103056,0.1256380721488646,0.7248780981207046,2.60855852474548,0.834836497987506,0.386254548851687,1.1183436532860056,-1.7532492135189188,-1.3258400815650169,0.0146540037804337,0.286214506599839,-2.42535755877731,2.1275068922032165,-0.7995385407190168,-1.3329078257414442,0.6148171252136722,2.237862659773201,-2.020923730929916,0.6784910135947925,-2.0857805194144,0.2134497793284634,-2.361770083623393,-0.9432445172082344,0.2233983554909885,1,-0.0011544488526348262,Fraud
-0.9059638263411128,1.5380639883662317,-0.0671772057108856,0.0981931066606157,2.1459058042244794,2.180094794243716,-1.106109686551341,0.7096389082065532,-0.9054307651921067,-1.781205358134862,-0.3050800791803117,0.0214704752293163,2.0673918763698427,-1.3074014280569106,1.8979296637474568,-0.5088475972319483,0.4608888934127727,-1.4502689928469457,1.3291029495094906,3.0925582892301207,-1.745136210704825,1.2248137244551345,-1.2694930527776775,1.1470408809716912,-0.523759180907438,-1.1202480280743232,0.4716896029076431,0.1185031948130786,0.7017275650393379,0.6359925399874914,1,-0.0014383065119936145,Fraud
0.3347153193509641,-1.6962869992737446,-0.3715986891077888,-0.4458976499983551,1.5304404945135597,-0.5410068055313889,-1.966408914937928,0.6139663601079267,-0.0956751739989759,0.3179952031698438,-1.1988773235036103,-0.7196030664313474,0.237073692345984,-1.9448210206181624,-1.0924105360870835,-0.6623809397654382,-0.0780687917242546,0.1309393129192682,-2.4199114705226457,-1.3342135133396211,-0.5016887926820662,1.6882750505840232,2.021639934791124,1.2044712876534238,-0.6585969789335452,-0.4828424535639909,-0.3873844490182666,1.7086818372833952,-1.0470731648977998,1.4020068907245504,1,-0.003881677182782428,Fraud
0.687988904880931,0.3000708209868129,0.4178124184271146,-1.5251486951750368,0.012840836283569,0.2381816644171717,-1.6905472753380906,-2.0027020625988863,-0.0441473048418512,0.2303161390319909,-1.3044701536962875,0.992928667663488,-3.6224814417978863,-0.4394401509016267,0.2208883755604146,1.8726685051964664,-0.759893395773911,0.9038366211732916,-0.2067552434376616,-2.7899038078769145,1.350581326884744,1.4889866420665492,-0.3802952590273809,-1.0482514414478952,-1.9008375568522615,-1.9310613122673408,-0.5471859641707952,-1.562900918341964,-1.5576340664604225,0.7758144781639005,1,-0.006065030106923663,Fraud
-0.1055919172246138,-0.309625382337016,0.0615447728132391,1.0518879107238668,1.2861600611477066,1.250676979567538,-1.1137788018303798,0.3379280797456199,0.1328474306853604,-0.5976116650953378,1.824319491000204,0.5068613630676295,-3.02014034836149,1.933874098897504,0.8841914393174956,2.081761539420784,0.0664477802009612,-1.29458573365793,0.1922486313970127,-1.0544340142677455,-1.0560154628343714,-1.0334867654242468,0.953811678875384,0.60591634956518,1.383785529663,-2.01100150573039,-0.7189926888965612,-0.9143852866236104,2.3590767736395226,-1.0981895993737638,1,-0.01863060804921085,Fraud
0.3515199311937163,0.5183324329931595,-0.1288517637833081,-1.3467724420489935,0.0710317738026783,-1.431471918904338,-0.101570376875432,1.8245995924785767,1.148856528535498,-1.8711116104772536,0.5191007978168198,1.885448600115664,-1.4045389427446968,-2.496671763635496,-0.8671701971103707,1.1281285836076116,-1.1313928407287666,-1.531320037199809,-0.9398012646038642,-0.9082976195980016,-1.238914371567307,2.093797705908483,1.1092130686147044,-0.6978191275527744,0.6548327725230988,-0.4556889756744892,1.580522523914488,1.2933295522046893,0.3155628805548533,-1.516937177959033,1,-0.012099402253887115,Fraud
0.0086929197634788,1.5737132841264558,0.5581158344460891,0.3472642408485479,1.7295035448957772,0.1053488029252267,0.4802976749072868,2.15441741871034,1.734220875802674,-1.7090570805679284,-1.7283546547171562,0.6670609697394022,-0.0684572869243927,0.2542806095846859,-0.4718820179577306,0.0927116679990517,-0.2831057602335928,-2.2194898156195704,0.5346941840384756,-2.20611658053843,0.6523833173352707,-0.2125212166912866,-1.8042949024475428,0.0432463320431478,1.6158578451999932,-2.4522987260311138,-0.6168991296326491,-0.3624566058824714,-2.1185849471877733,-0.2920922363793323,1,-0.0037893968211084594,Fraud
-2.0184611973698434,-1.9807271063408944,1.1647960925220842,-0.139668327050893,1.0302656298122728,-0.2545131162601289,0.8995697690687828,-1.4732413299188205,-2.432851431207519,-0.8609419932959558,-0.5094552127031282,-1.9505600447840803,0.4409695425818018,-1.755600704978446,-1.05170424182093,2.01464108104389,-1.4618876034485973,-0.7540237635655354,0.2516530556846107,1.146824156218833,1.1559349748472922,0.335556181555469,-0.8034652133222956,-0.2721285792512318,-0.4764117506856318,0.1038769340405942,-1.4275398166854931,0.076455754843582,0.6556499974340627,0.7473311964839741,1,-0.004225681806071413,Fraud
0.8495464971119626,1.8080972710755836,-2.4685532103165837,1.8012863072857703,2.3488389213758274,-1.2613470914340972,0.7442309478145565,1.091696472028064,-0.3535923147598729,-0.2042746978278459,2.8531623564709028,-0.6331322802867182,-1.2932929871412209,0.4783420946081845,1.0747858696040973,-2.278152373133751,0.4302365625399738,2.689166069826674,1.5581639246054109,-0.7949720389980316,0.3652853616305417,-1.015122436543517,1.3687861891962927,-0.6096961382908686,0.5570261345060481,0.1093263060599927,1.1600796119720431,1.1071321715102742,0.9241940194554358,-0.1548505002665041,1,-0.02940338393354497,Fraud
-0.3327778847936846,0.2476052549537095,0.563820081853207,-0.879391805929565,-0.291337180754694,-1.6028781842514794,-2.545666969977301,0.8036374881573148,1.0131522871599823,-1.5373422840713518,-1.1418544546735,-1.2370552317884145,-0.1791401650364796,-3.0744647174428814,0.5336901623234072,-0.5662667511401893,-0.7866830324874332,-1.779186484625369,-1.309895100788316,-1.121811255176829,0.2182689759257496,2.498810733723112,-0.1483006552697141,-0.97579657131598,-1.5761741108269467,-0.2141987957475226,1.1210546726738289,0.02325575504509,1.3825498429912564,0.3933549073460109,1,-0.005335313887466719,Fraud
0.5707163916492727,0.8486483830018027,0.5017314257187083,2.398202704607288,-0.2941044487894229,1.189884670975189,0.4294614059723701,1.1984111486576414,-1.2966906201196735,-0.9022078370040304,2.05151882541162,-1.064794421383253,-0.65777802313292,2.668356502916617,-0.1459987442872045,1.0530572148990396,-0.5834432797959282,0.7045276764728177,-0.5220798598471482,-1.7470283522111958,0.405815921812386,-0.6318989151017108,0.9185832256331948,-1.0728945414500348,0.3138685604721687,-2.326697026634117,-1.1590084823569222,-0.2511111470633119,0.8139645353986072,-3.018833122182183,1,-0.0005423532020049082,Fraud
-0.7944835602807593,-1.931352015428754,1.5558133439763504,-0.1996526293915527,0.2191259901689308,-0.7018390300447183,-1.5701077825641911,-1.4484518139353224,0.3269688157399494,0.8660542429577126,-0.8815874404682993,1.321123051528012,-1.684309474755731,-2.191850295655619,0.3301825506050035,-0.1715843428158138,0.6209685561662746,0.3528129775084832,-2.493885837901768,1.2140318380029913,0.4968491488322513,0.0956913612541599,1.6457919505220255,-0.7945260088137114,0.9175161591563272,-0.2768313179360594,-0.5652544276904949,-0.6903755038769035,0.6720347699610743,0.9110151469437816,1,-0.007765009752276952,Fraud
1.118967104078744,1.3833386737706042,-1.4767666401764905,-1.3851276074442254,0.0256856680390043,-0.2359005492336268,-0.9209264612254228,0.1571522258420016,-2.138274483106215,1.40980215300574,-0.2961976819282243,0.9993396966044076,2.2501671813288078,1.0247130812045218,0.0479796791618216,-0.7472012873089585,-0.5642579191773686,1.522295376595877,1.8939824802366467,-1.1189494631200887,0.2860312453365667,2.8283791082742766,1.0553627421127334,1.2177632247160457,2.194001616662728,0.246974441351942,-0.6219546817753664,-0.1615623615668088,0.6840722620079639,0.3391576278738393,1,-0.012093168699617574,Fraud
1.5208709982599848,-0.1151440683197232,2.760273460704953,0.3961451463144442,1.69079141127267,0.1081988594361922,-0.4430386383955091,-1.5571746135711153,1.4523675862369807,-0.1899995996554162,-1.3253149218558034,-1.8911426063616097,-1.4131083666555293,0.3603859898225816,-1.312757625337676,-1.843766747040504,-0.3781421491649294,-0.9330262796768326,0.4587881119291155,-0.1638864582122051,-0.8651511936303784,-0.2296286074689923,-0.0498146226968363,0.244926119710656,-1.303076740926699,0.9416440874194034,0.6085393486202482,2.451015165677088,-0.5850550981628901,-0.7496604341653551,1,-0.013268235074759216,Fraud
1.9991815992081527,0.1850416620975205,1.824463183620087,-1.586978246441747,0.3327854603037174,0.8561973464412195,-0.7980655809706132,-1.50948478378158,-0.9963020765638748,0.3825139808522291,-0.0551906387311175,-1.621728829318362,-1.2962418912565612,-0.3187159115868199,-0.1909929247161692,-0.1712057945954155,-2.229136107571474,0.604172956393467,0.6749130815506073,0.4322766052890749,-1.042201121797153,1.8347776588047835,1.5219576885883903,0.0292249433267089,-2.155479353733373,1.8496585587459844,-1.1342295588402416,1.061859322259609,-1.3718801431624406,-0.9037786999494962,1,-0.000946120932119876,Fraud
1.3413737580502787,1.7897989676226242,-0.4601387640560178,-2.6533805488812083,-1.4954157246630464,0.1938421497108196,-2.270805257109953,0.5191248412047931,-0.3826901232792792,1.3949236243208163,-0.0089553853024331,1.14043924942847,-2.015385842564533,-0.2030686799348163,-0.1330095438784248,0.7045319952669395,2.413644300643384,0.1292350936857714,0.4288483910090271,-0.2305963771804368,0.6658601669468033,-2.242692478405988,-1.4767623869673123,0.5951722360412393,1.7456204176677803,-2.482905698110972,0.9232612865236424,-0.7824586036307278,0.4738025780149527,-0.612801313939369,1,-0.006439414052482106,Fraud
-1.128007567606746,1.6175805951420108,-0.1954765815257704,-1.159202975251219,0.057889039825249,1.2408688669983878,-1.8118779437757424,1.1421659897972494,-1.47922358033576,-1.1988635411780144,1.0415350776705536,0.1623631639357302,-0.7081851764066107,-0.232450019165272,0.3452714494224864,1.0511977601789573,-2.073301317338114,-1.777059252769834,-0.7140128553556243,-0.4033036707507855,-1.2371712390736704,-2.463299315583729,-0.8672677115943936,-0.1538231967870653,0.2151039045850125,2.4520751523934528,-0.3912123746734375,-1.9460766682617785,-0.2071517022525089,0.979200268463174,1,-0.012545943191495657,Fraud
-1.7396563554006903,0.1866396877041895,-0.4974105166339775,0.8566556170358116,1.7488512882579703,-1.681385230674934,0.1569859852013776,1.1209213652601926,0.866634047478999,1.726168492604588,0.311363258802718,0.5372351461103907,-0.7018050993650415,2.04911206536249,0.6913462753527517,-1.194953533010505,2.159491404835847,-0.7176753743205535,0.5319797826828288,-0.0856669129307656,1.0722688305775134,-1.7534447483762972,-1.129244675657755,0.1274138565739241,1.3646014919433542,-0.8710585892774444,0.2939586558164205,0.4781198909549825,-3.440569191983024,0.2327935865779377,1,-0.002456713823653589,Fraud
-1.216933582981058,-1.9108956757243951,0.3394202834417082,-2.5070227485134216,1.2348776263480177,-0.9816153341862262,-0.4575328761223493,-1.6746608658533346,0.6859443673972064,-1.254710539962477,0.888084069093021,0.6736912525633152,-2.7627851383414663,-0.366789712801042,-1.4870477560219446,0.9254983916398728,-1.542476171443482,-1.0370377021724122,-1.5429001082052438,0.6923325506851684,1.222557331650869,2.2766477370333367,2.919452073513669,0.26817712617256,-1.238702525916868,1.3225406274214282,1.8277525896706677,1.703370932986493,-0.1653467613898009,-1.5929988543490807,1,-0.0351851827113579,Fraud
1.940856452621616,-0.4085330854952897,0.7656761588218127,-1.1208258785304788,-0.2403645543813291,-0.1055947186916048,1.7128470673408611,-1.2655561609502863,2.209168810760928,-1.2365035813025795,-1.3178149546003777,0.9156654046134232,-0.2306905563646565,0.0108694281893125,-0.1287885604001081,0.97576631189797,1.134682155599117,-1.6066885523673204,1.6213228911688589,0.7446178692425786,-0.1011318076253331,1.722172967183272,-0.5154692989454637,0.2226677063265743,1.4144533242392363,2.237961355689768,0.2824098851184712,-0.5892053066056915,-0.4801448220883786,0.4287809708677664,1,-0.013162308552732538,Fraud
-0.3821169707716778,2.2679455457975792,1.3309342461113889,0.4215194594532337,-0.3063785312740267,-0.9243526048938412,-0.9352595471961864,0.2662938807894186,0.2402056364474803,-1.1565029447545596,0.5015542398466418,0.655414729296422,-0.3885061789233265,1.0195259256390496,-1.0711192692282,1.934273739098443,1.2545007761269438,-1.0778715712009013,2.6672634297215656,-1.9365573528320756,-0.5413900386171187,-0.6283560052974858,-0.4681705954973938,-1.3719230773101754,-0.4428540240389334,-1.5985040019878962,1.3676708114842977,1.3619713483011024,0.3339770293463774,2.717335041713387,1,-0.006789690558450079,Fraud
0.0484676917633866,1.079021285457321,-1.2236229430382373,1.2869057870693263,0.0860176798756086,0.9297357089114762,-1.4091554808479765,-0.4321066384046416,-1.089349412302057,1.541698262771993,-0.9756047264668892,-0.6975755451495873,0.6974738724699103,0.9675353111788,-1.2543799066369428,1.415868855807508,-2.7565958575315483,-1.0522024090940756,0.6311791788824443,0.5461224498087167,-1.6605332475874728,-0.230332916098992,-3.1439491314017456,0.8920086975827217,0.5354548484060855,1.6660941556179,0.3437580136686177,0.9484091427325402,0.6676133589460057,-1.5553916251194686,1,-0.015479186357734542,Fraud
-0.4107125904884721,1.4199941012816144,0.6369770857952812,-0.2102839663555156,1.2408611321322536,-0.7510256129968756,0.5759580586287388,1.8989122888609589,-1.6993209639032043,-1.0218644474126726,-0.5990123632888068,0.23382427978842,1.013033363454566,-0.0979323820633553,0.5909020800763329,-1.0385798448950403,0.6790900679121552,1.5973794784090645,-1.5063821693769197,-1.1378992927732303,1.8139061124834408,-1.6868161556803671,-0.8744111135174243,1.6193787866979723,0.6014326012534984,-1.077272989232814,-0.886812322549756,-1.7821834212360192,0.5719387905082549,0.8237663558006747,1,-0.004477319301923965,Fraud
1.392411986233,-0.6112434933850873,-0.0330688204984863,-0.5910341526749109,-0.4522819689290746,-1.0313941014649874,-0.0796660318651566,0.3080895511581268,1.4999363645178676,0.6129677681603429,-2.2606794168450404,1.2640392456318157,-2.084039506774808,0.0110068884311933,1.0017407804113678,2.36859302830191,-2.199905458754845,1.4566318419254736,-0.0522994557595053,-1.5940075608462607,0.0535722906487316,-2.8527372760200143,0.1694065308414906,0.6719038162218014,-2.7921009413426257,-0.4679212450505356,-0.4270960244581142,1.9834061229745796,0.7735758556245691,0.9234888382683922,1,-0.029248260520023328,Fraud
-0.9339945580982342,0.7380623505998966,-2.1404647299378063,-0.7958898625760593,-0.4324838296961944,0.3002146620477156,1.4502544166253666,2.5961075861687384,1.1918577170614515,0.4808759257145632,-0.7124759618877987,1.4701256589477123,-1.6669988776785811,-0.0406762892833212,0.3520102313760146,-0.3105058924955516,0.9380476305993416,2.484297882838041,0.3587639597242699,1.1152631644471018,0.4734754871181241,-0.1625121172197165,-1.3547027321525522,2.23723737299784,0.3021894981748158,1.3979335878567,0.0200427218561442,-0.5985359943722218,-1.2759450742890477,1.1678213296475752,1,-0.029179749256000143,Fraud
2.019497072476746,-0.2594767138739076,-0.2546214138831727,1.308795689071996,-0.6562195946033242,0.9044276710768404,1.2389390636416688,2.330648408996576,-0.6054392458151356,-0.2714728591086495,-1.9850627881870693,0.8472158965941656,-0.3178819056378938,0.5112137068892822,-0.506457763923847,1.7418847648130171,-2.254093862864199,0.1199982159944179,1.0409986729679177,-1.085009127567779,1.344345713141763,1.7141642828548718,1.0262660890792832,-1.824978645616833,1.7677541211544117,-0.2285826017059891,0.9699069953400422,-0.5245230538168999,-0.6507203786358733,0.4217174902697241,1,-0.005846500547687261,Fraud
0.4741568736574653,-1.2959137790313011,-1.0994567289713515,-0.2052920779720707,0.0159665005432422,0.3430468457360668,0.0974685351579767,-0.2323861867830266,0.9634797471321072,1.0838831792591743,-0.6185653853494344,0.3673949170770128,-0.722018718630458,-0.7614053825763519,0.3674458665678503,-0.2940222472841808,2.50965116882363,2.674035785156311,-1.15380781902423,-1.9072959182704028,-0.8862675429074619,0.9187286847913094,-0.8531879188740493,2.4474570441587984,0.266795154605548,-0.2156579785619054,-1.541920031666343,-1.3895699893585602,2.36891419982543,-1.1534614130575662,1,-0.0166976450253849,Fraud
0.4908636825331053,-0.4082411737591666,2.010659797992932,1.0016675400156196,0.1836232099925455,-0.7428610789682805,-0.7297227981862399,0.6482963315666475,1.7326659342289197,0.5540912417631808,-0.9836995959533004,1.599293329456935,-1.4343422520188218,-1.3249815916223648,-0.5873703003965705,1.4210892233215215,-1.4593760725243636,-0.2901079212854108,0.1807322486682264,1.4678733316860038,-0.2600044268112791,0.7901124601896362,0.4728882207354509,1.3765241249917055,-1.0441648048186802,2.736294416187578,0.3891228288048415,1.08466315608982,0.8953309028234155,0.678912006162029,1,-0.0072784110260838975,Fraud
-0.2372982434019036,1.334229474388383,0.5967930684032553,-0.2248401309984399,-0.1110581958279467,-1.2283496465523145,-1.1830194733677692,-0.1491087841155183,-1.882404498320112,0.7540316642470014,-1.824356248915624,0.0841251278078575,0.7723913954395218,-0.3502940007680472,1.0327312996489295,-2.1672557557039616,0.0021807497218101,0.8950939114814936,-0.8293136023520921,1.2343986034182846,-1.0292132246184769,-1.416486079600329,0.5349120752891687,-2.126635380243337,1.312119722379358,2.113892145688269,-1.5937254553970277,-1.6640995828547505,-0.949331781742554,2.4195451211849432,1,-0.011717872333669332,Fraud
0.9619586625390184,0.0058240579232769,-0.1273540902593306,1.018455956545013,0.6006523718867851,-0.735570445980655,-1.147155377478833,-0.8236997751999194,-0.0492197501882147,-1.2460537751704222,0.0907530471624679,-0.1291983097903409,-2.542519032310562,-1.4061751862672949,-2.8857502436841536,-0.3439030610443093,1.0740136453460003,-1.8906579554280043,-1.3222868197933644,-0.1637378672731814,-1.0637530288534276,-1.068672767066792,0.5415941061731595,-0.4948954445729207,-1.4867248873979817,-2.0877158900571007,2.2084077700637312,1.128309054562671,-0.4516333460620166,0.0878580116639373,1,-0.02035732621428149,Fraud
0.3716775664710872,1.6338065450707355,1.1025774784369369,0.8994278958572183,0.5448983680162819,0.9767375516290182,-1.4794784146412896,1.4336214280526185,-0.8849735836894269,0.8016084463484542,-1.4029721475942707,0.4926170718595934,0.6181952046585805,-0.682223515375507,-0.363645161636822,-0.2786747023491009,2.241459524861925,-2.0502427552216886,-0.6160893033879155,-2.001580358480308,-0.0285733743381711,-0.8369756009971145,-0.6557663563971445,1.8193667257919408,-1.9849477460237075,-2.218793432812399,-1.01905727542366,1.84468817830638,-0.5070383944722712,1.4197327791109775,1,-0.001499612261072758,Fraud
0.1183784960438469,-0.4075780183295985,0.1322861921743715,-1.0632795006331075,-0.2514061910678501,0.0492295393429508,0.4031213523900557,1.7245753761018514,-0.9814417196884018,1.5844091307704122,0.4373919719414498,-2.37753763298789,1.2537299229379717,-0.0951447228083266,1.5336620338276676,-0.6060626609224414,-0.3845416092935608,0.7851843553562525,-1.6792424109802786,-0.7073827261747228,-1.5128421202348374,-0.9762797754250426,1.6305476844448088,-0.9712438486234786,-0.742246470776562,-2.816855373253205,-0.6436569298794179,-3.0844765206339173,0.294326338923151,0.7759446520675887,1,-0.007495708777825738,Fraud
-1.029710720247479,0.3677153900365831,-1.860290228430667,1.4560079458933046,0.6856131446513017,-0.3041469371175111,0.4909032354626857,-0.6832211102230183,-1.271678470935648,-0.8641885280300932,-1.416605086134528,0.5535644348925209,-1.380759957598246,-0.6380712888930515,-0.2149648777166966,-0.33831400159767,0.7458360259903065,2.809416540686608,0.7825501090324247,0.0151460856908314,0.9287720485194474,2.176773969165612,-1.4836772033449792,-0.1537393246125993,1.675101062153587,-0.7777433866903601,-0.4364110860892396,-1.6151807733193302,-2.879437892201486,0.6578661491086364,1,-0.018816506099307684,Fraud
1.979485735961659,-1.2934540594458408,2.314807921341104,1.923608274714526,1.283318119225225,-0.505078994213852,0.9841103180719531,-1.7269630829880451,-2.0368467898974134,-0.5762693542072689,-0.9724282611862384,-1.9649094019962667,1.6201791079343837,-0.7156109036380214,0.4651892166132285,2.813867204964309,-0.1121309263964493,-1.2851071028708598,1.8667270380272936,-0.1467032288415572,0.8487023934086521,-2.720241872789723,0.2968414955464962,-0.0615439019967538,-0.3671196101238683,0.9682492999618478,-0.6736341186328448,-0.2784823598344003,0.1042734047576401,0.866995669873976,1,-0.044576000635370316,Fraud
-1.3964765970270143,0.0313539837004117,0.8900735379831191,0.6673767117881035,-0.3693952533422501,1.3099631416680422,0.019703928305355,1.1083831721903254,-0.0761113497255062,1.3082176896605366,-0.9134257637019064,-0.4029039682884907,-0.5783779473862641,1.5643588113343567,1.925792803102471,3.2578841555131555,-0.3953663322107119,0.6803337533709661,2.152880578120203,-1.1850590029885286,0.7997355598979307,2.48887434041804,0.4988509485152361,0.4987792130555756,-0.5325484469026833,-2.2532963241469024,-0.42127734391993,0.5457577057050557,0.6122793472049847,1.784116784190437,1,-0.0019798624719947755,Fraud
-1.560234878393909,0.5723396632081557,-0.591714666298506,0.6889469030115339,0.1579553797114353,-1.8749503709603608,-0.5804776629496641,-1.1396863311548575,-0.4790610628221581,-0.944516064669997,-2.196566101206181,-2.412626772539734,-1.6815789938408303,-0.0804086694722902,-0.4825962251051129,1.4009270371580975,1.931277820364377,0.0755604728982541,-0.4389141144820004,-0.2423405570456014,2.412141436445145,0.1075710629640042,0.5386457331759377,-1.4833089728272462,1.3400316569991946,-0.3205604843878327,-0.2101903177472037,0.7258497442010717,0.3485888967703648,1.9213551419133108,1,-0.008185838023353653,Fraud
-1.1165760969471057,1.693859602759237,-0.4024948726650315,1.0269076272441595,-0.8034659372214561,0.6844987958183344,0.1800888857230994,2.1810532631837747,-0.5849171495160047,0.9789638948422648,-0.3809112470774874,0.1107373947332414,-0.2624368967809504,-2.498511591424544,0.4347278899831371,-0.1193567024350927,-0.2500737506360379,0.0476548243023657,-1.890549743144498,-0.856145226980258,1.392446417314211,1.529754870715364,-0.4683567612721951,2.0029432363514856,-0.4129462322587768,1.4293539039315162,-1.4812213054991803,0.6025346132191405,1.476691927613671,-1.0460959669584855,1,-0.00405479751966592,Fraud
-0.6669354907027508,0.2014278113141659,-1.0472145404907,0.1872307259365237,0.7617821061905586,0.2345155887217386,-1.562673661626976,-1.40278140657689,-0.1141392378899376,1.0209527886359904,-1.0496035041129006,0.551670351022986,-0.6366703878761808,-1.2557114975737635,-0.5439380971078672,-2.1359508492189385,-0.8000231902062115,-2.003595627089258,-0.7711769540255498,-2.6796344306475706,0.432359046157758,-0.0630354711828894,0.6871739503297334,-1.6983206763642518,-0.2023498890148196,3.4799741987170134,-1.982416484463851,1.107433601368487,-0.5689530811277654,1.4784959646683442,1,-0.0005418091099413935,Fraud
-1.1429139295595063,-0.1875763893610753,-0.1653811246933879,-0.357704270066574,1.9607700374613584,1.0319725095780783,-0.8637652003358219,0.1776668806099918,-0.5347516155266594,-0.1538604862821253,0.1292580808068746,1.576195442383614,-2.4897333160090707,0.1646993280271675,0.2464614955924374,2.580127333936813,2.0012176100948005,-0.3591437864485473,0.5621733797857763,0.6003513664899012,-0.2028550799676051,2.2079078539558834,0.6768360644581746,0.6088991885471943,-0.2777745255773516,-1.4529189001802352,-0.4357982605071399,-1.083622719481757,0.7465241217511553,0.0518130752251449,1,-0.0017809932568073616,Fraud
-1.093526033140826,0.8818350633157318,0.2464364602142776,0.2573214446047712,-0.890600452860673,1.883575570885688,0.1543491759994995,-2.3330558292953625,1.3285589264587396,0.0155317129710714,2.30961910410739,-0.6759909033474184,0.9790672364540056,-2.2586453139760674,-0.1571084234146661,-2.1251012819938557,-0.6002336895255018,-1.3401529923360986,-1.2943476567596628,0.8503279330677663,0.904330952327053,-0.7849083429852718,1.43786429402992,1.6391664496711655,-1.1547969803223257,-1.4089198557423877,1.3697810412084377,-0.6268315647601641,1.5420887716209826,-0.6052838164608173,1,-0.004608542566156726,Fraud
1.7384665322772028,0.2437583434061329,0.0430833215619025,0.7207865955142304,0.191951847941079,0.7462038643782878,0.9222764784801168,-2.0019028140762103,2.711400551070483,1.4887743946552623,1.514375711984375,-1.178477959845979,0.4284263612207138,-1.8618773849164163,2.4715974170550976,-1.62415736136932,-0.5640899822488998,0.3589058120183394,-1.0264262157367,0.1210140925308533,-1.6475179541251856,0.5603310258490365,-2.116337661689097,-0.8490625908153397,0.4432495372100871,-2.594178530885616,-1.6903977368701075,-0.0578654135712892,0.1727028249384482,0.1410437974576876,1,-0.013704412939469945,Fraud
-2.523434115720072,-0.0073302237519002,0.3108724914838035,3.1308908371964903,1.5967022715015733,0.7452444021112209,1.0615453503616288,-1.1258469643406317,1.6303698505927098,0.7752471507117705,-2.314974818810753,1.0000078685316605,-1.2772970853547865,0.2050539954060165,0.3292912552329922,0.4280046375270639,2.065990843291418,1.61919019916847,0.5525395002360814,0.9527872841340967,-1.80434180394257,0.2023904594343502,0.2120151128635942,0.3857825077026322,-0.9808208387260996,-1.1064420253831566,1.232014598033505,0.9101250795795824,-0.071388229403705,-0.6714497343396203,1,-0.00576097177403595,Fraud
-0.2880627983512786,0.4310229580108931,-0.1135625647904514,-0.0558521826528108,-0.3773865174622099,1.3448540311806945,-0.7329260381085351,-0.7402322525487084,2.1209935658451093,0.9778475646543314,-2.3851136986930364,-0.5652587392104036,-1.8119893375620544,-0.9506906934152553,-3.13851466623404,-0.1369895776939423,-1.1419418191613115,0.0599052567964383,-1.6251212588825248,0.0829118531720399,-0.4149162781203273,1.5019529651885957,1.411356861745625,0.785345603010283,-0.3266137806612126,1.9853803952602933,-1.5530352778398206,-1.4035586295636626,-0.0837830998890646,2.254038108921119,1,-0.014982671785954416,Fraud
2.746387421347864,0.3678658809811445,0.3294780536197698,-0.1926481894538611,-0.798082295449498,1.1950449083933308,-0.5876038569780877,-1.5670515509495522,-2.0170718029697228,0.2481152467384374,0.8945402268263534,-0.5807276345925847,1.3050703874545693,-0.5253998337977052,-0.0151042984874477,2.9354528417194667,-1.1796693677274566,-0.3617176364986986,-1.515166318804355,0.0361486146621337,-0.3923122199592361,1.584391168993051,0.8082604889734246,1.3261104242595907,0.7885103679104706,0.1756351802513039,0.3027328000761101,-0.8453398408914137,-0.4115166522802871,1.139967285688998,1,-0.004652896318179667,Fraud
-1.517143198481042,-1.115169697743846,1.2508241418436592,1.6380991918024383,-1.1096830931132775,0.0454294786408897,-0.7053349449991482,1.5878996866754045,-1.8593467069161,-0.2723833952471223,-1.973881571103076,-1.1748652919251468,1.2694517203696525,0.5569843332538378,-0.904434407350733,1.5373702388692414,0.306139949337544,-2.1252507341929894,2.356600833927873,0.3946448504551706,-1.4179731897275625,-1.720219428335421,0.4844691923641609,-0.1036993623648327,-0.1917808453782407,-0.8515012283974351,-1.740212786093208,0.7478045348961236,0.0838154504225615,0.9227962871578448,1,-0.0076955258195807175,Fraud
-1.626748230296574,1.132874418523204,-0.5838344657007168,1.7428826009510154,2.150572714263275,-0.2735183481068095,0.0539160357400933,-0.1889634050139103,0.3059775707379105,-2.751899371872885,-1.4030303850281276,-0.839463081834808,0.2441272765256392,2.517159683123872,-1.4363121788051565,0.4416385804150592,0.7324099191374498,-1.2874571940221664,0.0402879334630951,-1.2947512405418875,-1.1282966050604744,-1.5866589091175352,-1.6164335084376775,1.274522060869193,0.4240149066173368,-0.3347648862153761,1.5338398831461395,1.463300327998498,0.2117747027880009,0.0499445708295426,1,-0.00960888981838709,Fraud
0.1069028119786874,-0.1689129132356753,-0.1762259355139639,-0.924031155051574,-0.6764642151176881,0.1168016924086494,1.3178450138402138,0.7445897079631864,0.2153379554414485,-0.1797670910299093,-1.5401113274631315,0.4131901689126666,-2.502805724354903,1.4851608464689623,1.4433759563964823,-0.7592362640423066,-2.668808468481965,0.224428224802682,0.1229011030727339,1.7574132929275073,-1.4368699931578617,-0.580130610547893,1.019196008592971,-1.0135958337782638,-0.2918252861975445,0.0289638546020432,0.3176876593164083,-0.7534920199482376,-2.755552306720243,1.0904854047394108,1,-0.003141159004032501,Fraud
0.9035092973956133,1.8081888146142424,0.0295197810102295,0.0515316996297786,-0.4762783664772855,-1.123618482926357,-1.7261936511872018,-1.7114198555465838,0.9644581418783936,-2.540388829455223,0.348541383288673,2.5258761914857053,-0.8658639103752525,-0.4560601239490552,-0.3180072541822903,-1.1163233690490253,1.941037980841135,-1.4866702441168662,1.2390824288286015,-1.3635430945916052,0.4917122355569606,-1.6683860491610214,2.901916801900518,0.2839824379011108,-0.8452874008829737,-0.1882870839352063,0.7308210158422762,1.137473375318416,-1.1116024281782768,-0.3139911227299355,1,-0.009926607339810045,Fraud
1.1929273595600838,-0.2456015382691822,-0.6544766553555744,-0.9081806983427202,1.074337165526628,-1.879381429181054,1.0988702374959516,-0.4513297059898609,0.2849055649108593,-3.4213796212167207,-1.7733380604034576,-0.6793702429253494,-0.9123927132729696,0.7584242554795566,0.3032014049630587,1.9340634404267965,0.5133308513349397,-0.650081263284753,1.2233465484700816,-0.4630634681235349,-0.5204881989291227,0.0021229474584358,1.6191921645547007,1.0510506799495327,1.0198798389629755,1.960512635691916,0.996178666531106,-1.2284538119003288,0.5383228085305019,1.6231581634048096,1,-0.0005240084979989401,Fraud
-0.6928224396421618,-0.3230793687099212,-0.0975708282363424,-1.2305203527256785,-0.2858769090498703,0.2710039155311204,-2.9867756450406766,1.0265944515811571,-0.3639790660947606,-0.3716390993512057,-2.006808767296997,-0.8798195706580326,-0.040041219625922,-0.6014608875512171,-1.4329812326970095,-0.1716075794666881,-1.4181612379938786,1.9664112743134865,-1.6299154699630043,0.0076618116871365,-0.6448574059234226,0.396167065258722,-1.214272241653043,-1.59041084527575,1.7454164465398014,-0.8590690302003527,-0.2935967278094292,-1.3021940851742957,1.4283685144256508,0.9465686369349874,1,-0.009695496087770705,Fraud
-1.634447273213048,-1.4657848006288765,0.8766072855148753,0.929541474857275,2.1623805368287536,0.0001109935676185,0.5881759872326744,3.101560620153419,-0.3975184017982492,-0.560725782770918,-0.6272192741640173,-1.7551907740675077,-0.1838265067383879,1.3815429366034029,-0.971011346040276,2.17662466227899,0.9821130459254832,0.9287572647105088,-0.1051344830853141,-0.231795681576559,0.3186179423053705,-1.5178958447299529,-1.4344743652445473,1.391397939520814,0.8586401740380675,-0.3504847109541219,1.0016620078293017,0.519533751915726,-0.3621778364901522,-0.268012657679486,1,-0.004966819263813038,Fraud
1.2869191205821515,1.1729055694157702,0.2018796531547399,-0.2562985323734419,-0.7107916105761276,-0.9944775822740408,1.172096638263554,-0.0065865712301436,-1.9016675939748733,-1.3141590406205803,-1.0232466300991032,-2.9590548101406204,-0.7380982955326745,-2.2562930443977867,0.2668646438181549,-0.0106738329549204,0.9880775600318996,0.362905799136621,2.623576171835107,-0.3512854545442689,-0.5833883832838365,1.0831698347388832,0.2536952860719768,0.0300201342637656,0.9980821631400512,1.0710838421008235,-1.8150545991462523,-0.1459757600002452,0.4464360050672084,-2.60216880289148,1,-0.007580658143674979,Fraud
0.2609492406996059,-0.4345493083533697,1.705428891429066,-2.6657409323182546,0.6990741525660283,0.075782124451654,-1.93264060535617,-2.176534481558731,0.6584001265905507,1.564482107483522,-1.0025011630992575,-0.215148200873698,0.5548328742375681,-0.6822279388153428,-0.1051476496662709,-0.3170943568765119,-0.2515157168938237,2.066392463947991,-0.5668621311615528,0.6849299567998898,-1.8528913284859705,-1.5854469817210002,0.0459853134561821,-0.0577045624920466,-1.801430132844293,-0.4041860642279709,-1.3677238066752953,0.2480445857819376,0.7187149545328784,-0.957301491391149,1,-0.001982191583885351,Fraud
-0.1629584428481488,-0.3435761401204524,-1.852301616644404,-2.1224031796905733,-0.7758726469878112,3.0454077495832705,-1.4188357884292808,1.019637220486059,0.503808130446907,0.8816761359889427,2.6515150371498164,-0.1168400884005013,-1.059151008066212,1.066887075505015,1.004234526499324,-1.0135951383215551,0.7854667849780267,-1.270141224580167,1.4692212230920982,0.4557549854049483,0.5358681961209867,-1.897698085876316,0.0159775902670467,3.870316512561808,1.699111272432412,-2.1230961844825296,1.5149829995657904,0.0807071216176085,0.402990737166106,-1.5252442750681083,1,-0.022800356218687645,Fraud
0.2721606227211541,1.3082522274553232,-1.1983431840894216,0.2925181650429826,0.4712732509727449,-0.2785042872047724,-0.0588002992976916,0.9674310498549976,0.7324768189455206,0.301513700595425,-0.5353224765283889,1.209512385819053,1.1961738752842055,-2.5258477478350936,0.3693630168019261,0.4607011176763128,-0.342998435325502,-2.4133845333137063,-0.9824642395370012,0.8932799888841427,0.0908336208013423,-2.11812028069294,-0.3678881898854137,-1.9638379751060149,1.0132230880021789,-2.1184838678782434,0.5047902707381908,-1.161994860934895,-0.5823731713412106,1.3781880206620192,1,-0.006916165491371695,Fraud
0.9990317603963752,-0.4902440190307501,-1.1784416597403582,-0.5868771990259994,-1.3663085901600134,-1.0488389545731944,0.2213144214810881,-0.1721265491698559,-0.878843859846573,0.5920400930072992,-1.396802340086207,-0.9630711049654328,0.4404151784889485,1.224439627124151,1.06990038562185,-0.4545554509560827,-1.884442624781845,1.2916908850899886,-0.2025539894527179,-1.446637030469796,2.659558855495223,2.5345856652308147,-0.6011696320010586,-0.3665838933350467,-0.0346464226208255,-1.4596394565246975,-0.2989835932983774,-0.9206657893520422,2.159298763273027,0.7748862635124587,1,-0.002639506821645321,Fraud
0.3960052041708679,-0.3678741151755291,-0.1197248089556523,1.2677694223888143,0.0647354149510956,0.1133743033762915,0.7506144078166823,0.3387823140594683,-2.3407757343607978,1.4363772919980664,-1.1432865968677812,1.805847618413108,-0.4593032796833338,-1.029272494171059,0.8267059554784085,1.1149868710129185,-0.0857072718374789,0.0319864812873811,-2.671840794605732,-1.389565683930536,2.3310133675522597,-0.5746632907893044,0.109666338600231,0.3785451182064563,1.7251836242045555,-0.1987422944512821,-0.8290919381259007,-0.2853055003818066,-2.9231403081947125,0.5659975158955765,1,-0.003013040126258637,Fraud
-0.2369772130040634,4.616383922771782,-0.683241371907279,0.2752924406435311,-0.2849795618271152,0.4308653328841945,0.2069024040691379,0.758761427516082,0.877395039834315,-1.7388781984179498,0.7558206215549106,0.5462797320123712,-1.2414206195402493,-1.0125218363757007,0.4965774398661528,-0.4269017003109644,-0.4416799015100001,0.7174061467138825,0.5171577750666696,0.0629841281465583,-1.2607107061181944,-2.563730741976634,1.1601677720375645,1.841186109084082,2.612219027215104,1.33874822513381,-0.4876566006045642,-0.2081236155527905,-0.5236576083059212,-2.6249235044281822,1,-0.005452212277747448,Fraud
0.6703023546736777,-1.3255462574350425,0.9070110131446676,0.4678971960549774,-0.0754018470665935,0.9400258953931736,3.103201276114097,0.4775256411263925,-1.1200606219974578,1.4890176597125866,0.1861114565256341,2.111123401140718,-0.5060502219433933,1.2819440226905556,-0.0001567706472689,2.6567283494641583,-0.2816007554952369,3.0016686377903152,0.4398260528487691,0.8469647581151631,1.7003324439360643,-0.7877542901387656,0.9690968460267542,-0.2927533408708017,0.1511188793209306,0.0830612574105881,0.5724107364318094,0.5301843272519986,-0.5751949200154678,0.1248541709949024,1,-0.009673284733151155,Fraud
-0.0351974557840063,2.9396687543989786,-0.052083387277148,-1.2206436508613507,-1.1834557705869473,1.1692704974924877,0.4190777115029587,2.2908238195901,1.5793286568254308,-0.138839991010631,1.2366492916415328,-1.1743420450548223,-0.7100641041300341,-0.5018497521877259,0.344822443050631,1.064570612662775,1.459872361306929,0.1387796094746009,-2.586610971911589,1.4000996777485446,-0.0382747000754442,1.7317766474979304,0.2326095665552008,-0.9032293416396358,-0.2453619641286647,-0.0531576838445106,-1.2148344094076746,-0.357028357243185,1.2034689512397474,-1.505080069374159,1,-0.01949404775096214,Fraud
2.7010033996652445,-1.9999629145052125,0.3439162176053907,0.1396072758716573,0.6266564555975661,-0.6963183629282172,1.0173165714475854,-0.2092549076864905,0.4737889298017738,1.160170689238527,-0.6939031545691674,0.5084096031878994,-0.1017453952661431,0.5940625345629549,-0.3814130461547313,0.022077642921783,0.8286764851730384,-1.930918162587849,1.992907236102774,-0.3380284574981981,1.1402857857200148,0.9599512434014472,0.0401316229321036,-0.7810357693559417,0.2090766909758738,2.124319637358559,-2.290608719558098,1.098717049345393,-0.5123362154433014,-2.7981864156801057,1,-0.011755198538170808,Fraud
-0.9882348538530892,2.145945407452035,-0.2744050421987316,-0.4364390854691641,0.980593943125216,-1.2092426637804337,-1.0589126446314785,-0.2013409391770709,-1.0068365972289983,0.1431681235097988,-0.901410454140704,0.4625387973684715,-1.646680790125225,-2.616679556469936,0.9824428955559248,-0.1130435007600854,1.431287044504785,-0.7970841373960816,1.3564797060562055,-1.388708703582213,1.6440875646661073,0.952680010840785,-1.200072235356528,-2.446635963258636,0.0230803575160464,-2.748043880445614,-0.6853491221435936,0.0848884797211038,-0.3105952966107705,-0.5386134592509768,1,-0.0012213498508776288,Fraud
0.0285879237347167,0.7548125579375573,1.5861654491801216,-1.6208834265586267,0.0050881064299035,-0.243770406454963,1.9662060252260285,-0.1759041107190683,0.9856157808575996,-1.212690964287754,0.5750576568412986,-0.818153554711624,-0.3491952480828185,-3.618916330943014,-1.0375467829047056,1.3139574653195936,-0.9958650658928648,0.7283420675644474,1.0360861170538265,-0.9788300563908864,0.8289228203916958,0.8103218424529016,2.204701496272793,-1.9983818646651903,-1.4311415451844398,0.5587331955357093,0.0691032576203898,0.3369962422785199,-0.9986485844015608,-0.0701295200839746,1,-0.004708231328155843,Fraud
-0.2976618548108907,-1.8991831290606536,-0.0438729653364773,-2.051057933037832,-0.508506297471509,-1.3522102699464875,0.9403455302404996,0.9241978141019932,0.8577174571714148,-0.7695489676349826,0.6015962661837003,1.5848202426352178,-0.169493839980917,2.7783125783179825,0.0835252962606032,-2.8736775106314103,1.0137104261268943,-2.7519711499413715,-0.235390799390078,-1.2238061671869038,-0.2086054306119045,1.5006267403117817,-0.2189917290265859,-1.64751353125823,0.4166585913538014,-1.8974101043366816,-0.1509030495372142,0.5177013713424682,0.0815062126992982,0.5797212832905287,1,-0.008244308269551082,Fraud
-0.887737662447802,0.251108942722679,0.668310399031463,-0.1084714981073775,1.7915504690979644,-0.2348995017053122,-1.202282271464642,-0.0867155984029448,-1.084798496734162,0.9600172511613836,-1.063620141450068,0.3729848488187885,-0.697490967985402,2.1479331362037546,0.3324638830520164,1.043334460241193,1.9582908648335924,-1.0539731039366504,-1.6780339671848148,1.3754999309544462,1.6998559288596855,2.353961516182862,0.0169180977977799,-2.118227038604208,0.818024887051801,-0.0232055989961545,1.022538895921742,-0.0213387093838711,0.9198504804894128,1.1569222780830033,1,-0.002241946707568443,Fraud
1.0731555588466208,0.5044804639879761,0.2202051402243304,-1.0279814924670647,-0.3756100151228606,1.6984943564435877,0.5567792337571438,0.4240156553287034,-1.6937826778471017,2.5313741873346616,-1.079389899562457,-0.963764828147428,0.0823827855753095,-0.3746291975821609,0.5249927717381027,-1.9873490917110417,-1.2123097096856053,-0.2011406666997935,-2.620113852935405,-0.6593126753966874,-0.1268644235594286,0.080243787543541,1.2320875577588009,0.2475228232159224,-0.0972496758388149,0.7377736641131123,-1.112716550782813,1.271998256730835,-1.0970226513140244,-2.159073733252375,1,-0.0008134059682970429,Fraud
-1.0101595674512545,-2.18990429889798,-1.64445818289963,1.3690531634621268,-0.5862410803922354,-0.3562442157671502,0.4499982712697309,-1.734206152552251,-1.177839845209586,1.1052316572846057,-0.8261405475072038,1.5534124514465475,0.924085778017491,1.5514153246941014,0.4778916994108331,-1.0446158313973906,0.9252520172872706,1.714154906843527,0.8787635329630902,1.0591260299590552,-0.0871491045765395,0.776107005580565,-1.169068334060389,1.542362973499304,1.4288347269002368,-0.4686116504469221,-3.926917505193869,-0.2087440385866451,-0.5574564049502875,-0.6904678217266867,1,-0.012153533556102325,Fraud
0.0935411931394222,-2.052384020584988,0.5130603718526038,0.2090447457199261,-0.9463163513534788,0.3770093285101865,-1.369074883585213,1.5550246640106304,0.0876518939297307,-0.823030803277611,0.0357224551120952,-0.9489816968489893,-0.5464050265748205,0.1924390071779422,0.4429713679328861,2.761342420537294,2.17964599780583,0.5054121372386466,-2.031057907420597,0.3742457937405938,1.097358284417206,-0.8304680681822243,1.886090489932292,1.7458212749089363,-1.1188070850693734,1.0035727832324264,2.1849147310057955,0.2940552947549041,-0.2668569634113315,-1.2099403610821513,1,-0.011957105864660422,Fraud
-1.6306652423901244,-2.1863147776566554,1.7411588653736043,-2.497894604493427,0.933603118200367,-1.82419230243422,0.6196982667702584,1.1858601770019936,0.8818336107471684,0.5250141785613586,-1.339473434687254,1.0932152826561556,-0.4604231876803056,-1.3569930674008877,-0.747195525696524,-0.1670351062759765,-1.6179024095243355,-0.8477558107701894,-0.1011187871596992,-1.100166197482659,0.45841096115629,0.9548188199005296,-0.4162625575743977,-0.4889714157297845,0.9970668028251436,1.990978883147264,-0.5394955273004375,0.0069657427291411,0.8734593047240276,0.5113908346973208,1,-0.0014402643716586727,Fraud
0.2475183368361546,-0.666650975222577,-0.8377116067196266,-1.207819342089126,-0.0733746120565814,-0.2008561479025796,0.5357414608505716,-0.5995780013775517,1.299988505300198,1.9552802347609264,1.2153097149727596,-0.3381674041388987,-1.8412145100063788,0.534914953161044,0.8069548235699483,-1.1918587253604327,-0.4576271952856925,-1.5907116488045394,0.2472073480002257,-2.599458395618381,-0.3079424988818764,-0.6214515719050476,0.3499203269197095,1.4749279447400978,2.5192378283592287,-2.6238769513459097,-0.528319777094143,-0.592388394225931,0.076619544934834,-0.3736996155048138,1,-0.0072178480969239955,Fraud
-0.7697760048270347,-2.668698328238038,1.213265404971221,-3.149023523570821,1.256495344523448,-0.0657198840241854,2.5221486588731605,-1.3676057515047024,0.3880065798961837,-1.892531437484947,1.4722450477488034,0.6552744598814302,0.4183151392554321,0.9995857665308286,-1.5245292995561854,0.5623830926894915,1.9178570624266529,-1.2317710149172691,1.0444830093615387,0.7260450417717993,-0.6768779310120004,-0.0213276659319609,2.638165016797549,0.4928135218537589,2.0585716006264003,-0.1952448909282759,0.5761493059319259,-0.3004635229378318,0.4472637023847119,-0.8176967777695997,1,-0.01612617799100574,Fraud
1.771296431313598,-1.2396155242738012,-0.486369406502999,-0.6371409466065328,0.3678324059500935,-0.026817087036257,0.03619049363421,2.1869215008811045,-1.465482447111404,-0.5426267949457609,-0.4071400158824899,1.0389000821864838,-0.2318213852100574,0.7215679021913691,-0.0323312455748687,2.128046883033606,-0.7217457500797715,-1.5894955225449192,0.8676031740107655,0.2693397457344439,-0.3224996253188304,-1.4498890915717435,-0.132801921070626,0.6997530226124016,-0.2526641881208619,2.197370827370418,1.420046237583568,0.6674500617733704,-1.4366303164625154,1.280325258546658,1,-0.0009201861277146617,Fraud
-0.8451430216256621,1.8001330265337478,0.1007515083828232,0.5178634553049184,0.861626086433364,-1.1678762754912313,-0.6274771996052178,0.9028851340480806,0.2810825077875649,1.243780995749061,-0.1358442247011551,0.0707681585986645,-0.5896477153989215,1.724465222477214,0.5691818004709666,0.900873755274416,-0.2710294361212895,2.0300547541697576,-2.418056097940111,-1.5835239786345323,1.6423028434368614,2.1947164090538465,-1.207816428432272,0.0042652792946107,0.1841068841806909,1.1220098110410446,-0.2531788300232242,-1.273733591629733,0.7159733886026417,-0.4217738559968274,1,-0.002188641299016192,Fraud
-0.5337200917972934,1.298785644736801,0.3646772705054684,-2.7848143073753437,1.306028110412299,0.8273656469766002,-0.849818916354842,0.4418309140335822,-1.1900921014457058,1.0765494536364275,-2.066270242388593,-0.5808892214175452,-2.0409938923263904,0.0877899553455961,0.7804240678349328,-0.3412732080303107,-0.7014360117141449,0.2314088041938445,-2.1373828782248867,1.537827767436437,-1.1741787657347886,-0.0748200972408074,0.7695330574846851,-1.6409107708785111,0.6365156572390458,1.2431343112739832,-0.1195336562124102,-1.69267444111581,-1.7053648203107894,0.8913326701609703,1,-0.014643518665363453,Fraud
0.2714192571696499,-0.3211730777584788,1.265407153746566,2.231475674908968,2.302033213818055,0.1937195641250476,-0.3978917765909154,-1.0521026144652437,1.3201465492240465,0.4688977310248921,0.9099220720228994,-2.635172025128536,-2.1073174167279234,-0.5927784901627686,-0.1085044823207578,1.8988742980900115,1.0873319916837625,0.4107655947809469,1.3086388194169334,-0.6164601009075354,0.1094409855171442,-0.0300265976828547,-1.913893359276109,0.0766722245795399,-0.5817635004834651,1.874776749782096,-1.2498729907029695,-0.8298147101282515,-1.210177559733709,0.3570049788726221,1,-0.003743322164310392,Fraud
-1.2564614334045432,0.7074314744337621,-1.044730872881645,1.3820618315843434,2.009425937942683,-0.7757236667860182,-1.454027901064199,0.1883273073943396,-0.9065377956651316,-0.9406346279927013,-0.4433417429558639,-1.0436284572810706,-2.8401906536768777,-2.9987541701873424,-1.5013837881792422,-0.1632941962583776,0.1041010243736713,0.1297918494783967,-1.2173871970988048,0.244714245779943,-0.4875512264939994,-1.3122943232308697,-0.3423145140560452,-2.3664241134670205,-0.5649142091841541,-0.5266950448596872,0.9414024020782908,0.5037426264708549,1.237276185694868,-0.1551067223573911,1,-0.004888659227445913,Fraud
0.5106616019235393,1.0192776805022274,0.0028058107490409,0.0357671153660126,-1.219099330390912,-1.65285352069919,1.480874672122334,1.7975746549930554,-0.6036150340001591,-2.316142725420821,-0.6677711624271069,1.4246318082473857,2.3946191108794395,-0.7152632089788157,-0.3306611650821009,0.3340877580241541,0.6960590287817501,-0.7505944042807983,-1.846955831578789,0.021617194155829,0.780628672985874,-2.0040294892178974,1.005575727919212,-0.2312163159125035,-0.2363819657669555,-1.2668739225370107,0.5527861926679389,0.8990448375668194,-0.9881537552191836,0.6134814502133137,1,-0.0036584984554038358,Fraud
-0.1911685285672356,-0.6283005441665047,2.642910482624304,1.038174476694235,1.0558721413560592,2.2022151446821727,0.8021917826831093,-0.7709540094728657,-0.8878963516917364,0.9649027587542348,-2.0593542797751767,-0.0777796310095656,-2.171124377556448,0.0988435083895062,0.8540702507119534,0.2794155346036323,0.938109358970598,1.964826941659915,-0.1435384372620087,2.807650783278881,0.2126699561701546,0.9491650626903592,-0.6110627145650674,1.619313979630682,1.0417101985426294,1.4714513025679976,0.0545044217739547,-1.2554175643832894,0.4603974396254061,-1.6970198133235157,1,-0.03919846515756592,Fraud
1.6757274025912718,0.7696657352796106,2.098497781461376,-0.4856769426850063,0.1347126074056216,-0.7893763626342806,0.2454765724850923,0.3109385880058378,0.1299496068888251,0.8939003224922711,-1.1393259457738083,-0.5353478115766533,0.9079508642915411,-1.2772995167706078,-0.5057123744091183,2.160920472306436,-0.1488774796611316,-0.8985770711674074,3.3397903313655304,-0.4778165863823169,-0.6930229884932979,3.651691608492845,0.1834024824981291,1.3349186678039702,0.114049824888864,0.0458128133683401,0.7922884351796871,-0.954257723591181,-0.2543974954374621,-1.760662019309253,1,-0.0038365119659461433,Fraud
0.7327356180020935,-2.6703965788442443,0.5864442109666809,-0.6444010989838576,-1.6011246503656478,-0.7897626749048192,2.053500561019437,1.12876206475954,-2.140324620168509,-0.019878268329299,-0.4252001331580952,0.2695924622873856,0.6759630367656405,1.2059598129237823,0.2189917068138177,-1.0162789306010478,0.0185977720056465,2.1925243005210087,0.8253597172525626,-0.3548476852582384,1.276751199063435,2.172829595651652,0.2652907778768266,0.484653837881709,-0.0107746881788877,-1.6577896185422167,-0.957728980532624,-0.8081216225556616,2.093439032845293,-0.5721728089963282,1,-0.01206042698352966,Fraud
0.4613070801200898,-0.8707612397534477,0.7696206064845262,1.1078351584214,0.3932455004975289,0.2404985002916766,1.703719587234097,0.326327790218305,-1.0314884720069306,-0.2279745925702841,-1.5539608956533468,-1.9687683491631152,-1.307220214115682,-0.9420668367213576,-0.1782609902136261,-0.6031203571569537,2.173256828138797,1.790868457779883,-1.7862463674303453,2.1956438403143355,1.507424213366304,-0.1031560242426949,-0.0966712618822819,-0.2999117987063685,1.3034691329220487,1.2922354976349637,-0.9519990890812132,0.9024916491969665,-2.491031333101226,0.1102564011457216,1,-0.02023130652638433,Fraud
0.8903962297248603,-2.1290815224834247,-0.0558072779928074,0.1805738009826867,-0.5902779771494377,-1.3844768215691834,-0.8618568402574072,0.5862327977808919,-1.492295156940781,-1.395333768473506,-0.9672052938614416,0.3364726117651792,-1.1580885782143826,0.2313723000532978,0.9318162894026738,0.3658242528843481,-0.7001259666377954,1.784827851623378,2.28388623395199,-0.605682005023327,-2.187175159697083,0.3523734166254477,0.9544481451875924,-2.506672392083189,0.4536518296585289,-1.2040360247154285,0.9783043824196664,-1.4113642779506708,0.4329368501312897,0.3046239886195777,1,-0.0015738226582561188,Fraud
1.3020648745125367,-2.900474538252225,1.06993995810181,-0.1047517801091396,-0.0249010703630184,-1.196636955772679,-1.1825271188456243,1.0597462361543937,2.1607843436658616,0.8398252936925606,1.3412147500243647,0.2705770768915428,1.6038708914931323,-0.1068948641693722,0.6071671510575437,-0.4186303719801318,-0.010237792182051,0.2690938848770723,-1.518555333082237,1.4289383637767628,0.8003861270583341,1.0669205217003117,0.0143858937908775,1.6760461069618364,0.4389080762396581,0.6486003582973198,0.3485100477899088,0.5417901709627723,-0.4235329046322331,2.704469391079523,1,-0.0064637518290058815,Fraud
-0.1297560612413845,-0.823182910821223,1.4713154143650635,-1.619759317941281,1.954061286629836,-0.8770095842163197,2.238048424410315,0.2773598865911273,0.4702381888622592,1.9595875975949448,-0.4389524649708942,-0.0983691877192349,-2.31313479743826,-1.0615260958572292,-0.8949882631161404,1.0829124075349137,-0.4107652271155376,-1.1120519214542588,1.5862342967918364,-1.4313192936672865,1.3840426554811367,-0.8915976681131594,0.4324559478793199,1.915965030178624,-0.8519050620826477,-1.29476775798618,-1.7382659627970138,-2.0255519191988305,0.741794385083419,0.0326051252848471,1,-0.00783409001301466,Fraud
-0.5563030969321241,-1.041365012955631,-0.8842968513597327,1.534856723432496,0.5932141218968332,-0.3584396156695595,-1.17582526209018,0.1523237058025124,-0.535733406878909,-1.0919101730601488,1.440294287099147,1.4672346597074808,-1.754014909331975,1.8489015053066191,-0.3353054142076033,-1.1261958931060894,0.3554376272501953,0.0585731163864213,-1.7904922495211473,-0.0835815386104214,-0.4402180326603241,1.633147556897174,-0.99481397178063,-0.0567878455234807,1.6944059382609398,1.8005688777530078,-0.1867944819221184,-1.1132784501813535,-0.0777695597584399,1.6460599552808173,1,-0.016802473249754868,Fraud
0.1923224321487363,0.1844823479469558,3.027670022921931,0.695829392551402,0.7776839945537289,-0.7262571383259331,-1.0323713814619095,-0.4479399246163387,1.4999663077689938,2.863868709459241,-2.069796225580941,0.5508381721783475,2.2806995447061125,1.902642345743236,-0.5445158441741373,-0.7661674028803729,-0.7265730380507406,-1.1276686284981825,-1.99401445359578,-0.4426949255624708,-0.920087985063579,-1.1904426543853324,1.1399057825472183,-0.4504160531173039,-0.2335079963358342,-0.3306093720153216,-0.4891856636756038,0.7909315319718825,0.470156461179492,0.0957872637098269,1,-0.008037350580044234,Fraud
0.0388152586988851,-1.1303236575699316,1.9831609021729055,-1.8579697755303008,0.0525708543403237,0.3654151999924838,1.2712162347207436,1.3232953965878356,0.6546312834176836,0.7683492483889056,0.1700426742444591,-0.3801137765936989,0.5098872415127581,1.4888636207668011,1.5628053814688128,-1.822685922284395,0.6375603866809638,0.7213637182816737,-2.0869261112458544,2.126838163847668,-0.9025635880570874,1.6398432401538503,-1.7900577188953104,1.1323999631482105,-1.0584144400884798,-1.2162230544841903,-0.101056954505444,-0.3503149314323203,-2.1336487686813053,-0.3426028722229057,1,-0.01320239973862164,Fraud
1.5482974280730837,0.5838385738814968,-0.3285433065994359,2.161636846458604,0.5559727061836358,-0.4923599919944051,-0.0960964345662762,-1.6741872869104573,-0.4265277600595673,0.3182673737449874,-0.9305090962855898,-1.3379867621221655,-2.229003774473408,1.2253608281418888,-1.6827343601471143,1.6748949259382595,1.0114425133196157,1.1428130773650524,-1.7921261792011476,-1.649101908045562,-2.446772897051119,-0.0799587903898285,-0.5002478325056166,0.4957477511702702,1.4560742064656,2.4265101494737,-0.3860422826120722,0.5466935972106196,-1.597155190086437,-2.247982152417807,1,-0.026974124177904735,Fraud
-0.6549402159701575,0.526066040195553,1.161722980007143,-0.5595862514228603,0.5873548047793306,-0.2602609458491194,1.619900416334959,0.8640063730361467,-1.8481207080517807,2.156039310498429,-0.5264494197825245,-2.3711410091483422,-2.040693940565865,0.8259828052383726,-0.0825207385922983,0.3750972395496041,-1.33130248732869,-1.527125107400115,-1.2805565988432297,0.9273796062051602,0.839380477322142,1.3889748118072611,-1.5293126488381994,-0.3475402278761932,-2.6123866200375043,-0.7118881281971525,-0.0304727394389318,-0.8663156057206326,-1.741197574280781,-0.0089233537014682,1,-0.015374923309520228,Fraud
-0.590320609744672,0.652623340236907,-1.5471126013796137,-0.7072274305553379,1.0502242159721311,-0.1499943329827051,0.3250920936141125,3.7123429083793016,-0.1164389271603493,-1.899325345775091,-1.3032364621733552,2.068675970356705,-0.8854901604984726,2.123682093443475,1.2407962380323063,-0.092418665009104,0.9526246004069312,1.3303297054641192,-0.1265770413583421,-0.784994138174449,0.8785375006935605,-1.269221678042698,-0.1551023671786606,-0.5470762557057233,1.5900272010953214,1.359860286245158,0.9052563912613132,1.411829264674718,-0.2696890625926156,1.0213660096731478,1,-0.0011292738573684402,Fraud
-0.7760964143032432,-0.926599472796442,0.5688401446289316,0.6154802517940493,0.5836757659085647,0.5552343996164703,0.4178640632690976,-0.1435442716396507,0.6975107771358602,-0.8249804258598371,1.245224632610653,0.8983612807951485,-1.4835272938227129,0.8179647258306136,0.8177802468599398,2.407710674762293,-1.0390679241583674,-1.3246853536596714,1.0204289378480265,0.4472891830900304,-1.345248425848685,2.0338749653911594,-0.356384395515892,-0.4057097015407755,0.7806780614661702,2.2635604785260206,-0.4808002617914398,0.5983769907545827,-0.989585730956684,-0.0420467173118663,1,-0.006598466652753265,Fraud
1.3472116740795312,-0.2730059014598271,-0.6949637292910971,0.1371566235294559,-1.0107169455723308,0.2348480305061694,-0.7287915374071537,-2.561432823613305,-0.6995362351100013,-0.2725250611790895,-0.8196414125346109,1.334379462683238,1.3157283881647357,0.4698277174484825,-0.040405516760133,3.1482172894198834,1.0401140722930715,-0.0838603034185035,-0.4131582615544064,-0.1073477802441411,-0.8689823170011249,-1.9490292317634923,1.102451575601022,-0.1596908023845456,-2.056484079104123,-0.2683803664769587,1.122248421341332,-0.0327005142849325,1.2672438605710976,0.5594735142251958,1,-0.0023257228633330462,Fraud
1.1012502000788769,-0.8540075964592743,-0.2593575570776975,0.1540916115444405,-0.3786632644515503,-0.3789324060961762,-1.2080281300281843,1.6983451672066194,0.6830871390288888,0.1003983549876465,0.6631312285510435,0.7120813882004089,-0.6099707637737198,-1.812787555148614,-0.4145071974384445,-0.1503009452457866,-1.1228210440322852,2.3023780443147186,-0.0020866068440387,-0.0802567985925696,1.7230737308931716,-0.0220423990082394,0.2731841612552622,3.145381230714721,-0.7904653563686015,2.8365729873091694,-0.9774376339047162,-0.9032705674754514,-0.6426924718334236,0.4272658928926169,1,-0.006695785814671729,Fraud
0.2561756828916931,-0.91856634176834,-0.458212767643135,-2.429114980707074,-0.815905527538895,-1.863857987285248,0.0498901217586234,-2.3294652383519376,0.1724606816552348,-1.6198565614948484,0.546460953123887,-1.2363143013892974,-1.8359134795500465,-0.9745967447883284,-1.5638464957856772,-2.1849587314682197,-1.790682386557761,-0.7007661935003198,1.1721960211082147,1.416025931353342,0.3348205495658251,-0.8445997367103388,3.334548735274125,-0.8114828710423082,-0.5279859754128412,0.1080531679976796,-0.4842054151519558,-0.2567684515831198,-1.0941889897168888,-0.0745602850654204,1,-0.005751641109712102,Fraud
0.555379529545964,-1.3550901339807686,0.0760780750998462,-1.5948861716382896,0.1551706752839651,-0.9604252394849988,0.6469983367816202,0.6002842993748858,-2.3282910599651587,2.087530814339955,0.5578204713349211,0.2422053174448815,0.429633359681511,-0.2581140315223539,-0.4087803972861085,-0.0397007862097041,0.6912566945691936,-1.7517753662661035,0.3137572076644516,0.3920065260449836,1.7496814870255184,0.1290743058286332,2.6814129709896464,1.7376510993397505,-0.6674308382839489,1.2552456870381778,0.5396243397116818,0.816091334662896,-0.6202003122309192,0.6910680799321482,1,-0.006421539994461545,Fraud
0.6750350696069713,-1.5995955248657885,0.4822448962906991,-0.0166223073174814,1.2538823611831411,1.4688246507137446,-0.9570907414322302,-1.4095939666540307,0.6250914241834844,0.596129663381299,-0.6961119526514228,-0.5172634109143255,1.342288034572921,0.4158679727188345,-0.6467449721459188,-2.03353646284357,0.8625617625653048,-0.2032603855657827,-2.157093345742835,0.8596634269133707,-0.5962529012078843,0.020047926858215,1.4154578839127896,-0.1243212256172523,0.1732094784680228,2.786210345887145,-0.8649598688775565,0.4317911375579675,0.3267103817665008,-2.1189648816451747,1,-0.0029693312229440716,Fraud
0.101404485458768,1.259606337229896,0.5500955662913405,1.097857672113596,-0.9484811225963392,-0.8346458595845917,1.079045793860376,0.3550592904835319,0.2015355320360399,-3.2838891918457747,-0.5537091193549564,3.119410201324978,-1.4445427185732616,-1.835231234109339,-0.2994372945290526,0.5237537851841655,-0.2694824320674249,0.9757609675075638,-1.8444091765261168,-0.0219709024169232,1.5687383410896247,2.431866724369912,-0.6490483846286935,1.6376333094382325,-0.5508426551965437,1.3472712240680638,0.8975695955997216,-0.9959664365126244,0.8252613716773987,0.1770895540403009,1,-0.01134436927074195,Fraud
0.5645270417982248,-1.2926969400455317,-0.6737593656490202,-1.7864783065364007,-1.2105837834920887,-0.1488877695070667,1.1700477167839238,1.9616351559493683,0.5590581880209968,-1.102204274426423,-1.687327643756474,0.4120502485136595,-1.3002245519862294,0.646984495388501,1.3190945266694862,1.4692760359149002,-1.0102157868366286,2.3289214728819374,1.3365653926459302,-0.1497822573367731,0.1517099908374937,-0.8373308068967061,0.013189982909121,1.5133215776274145,0.5599901481572416,-1.3297647616543868,1.55151110507369,-1.0703588267885744,0.6754066150289723,-0.2161878602884643,1,-0.012055935204728419,Fraud
-0.8008918753870063,0.4156038983785323,0.3304452715433935,0.67417625927227,-1.4230781998306452,0.4871420952980941,-0.3907878701665701,-2.993681724757666,1.7350890750114174,1.067726425323895,-0.7675446031726081,-0.6445278260273424,2.5792554064252693,1.127138186574982,0.0273145273920806,-0.5133712493977434,0.0080639663283695,1.9766890497076397,-1.803973871088048,-0.3443842792522422,-0.6068376174891037,-0.1303058373466502,0.2315641138781411,0.3753988527086922,-1.936700261020182,0.1555214636021887,1.4895952318774228,-0.3134746930265061,-1.7643343519644494,-0.161496764698957,1,-0.010171996976218789,Fraud
-0.447091834166027,0.6447807673925081,0.052360506028767,1.9007711417646935,1.3033683052454597,-0.5032572251395666,-1.413339248642297,0.3743537996809505,-0.6181041273672059,1.6475352310398994,0.5786021451471014,1.924549188504794,0.96547684547566,-1.9514980433682425,-0.260891778632744,1.3144617401175522,-0.2925742929455028,-0.0941354322795795,-2.104706615077901,-0.006308440904368,-0.4451808992060563,1.1341905971260078,-2.6333719541106824,-0.9441784803435648,-1.5233284342862057,0.8668574737572151,0.0662146487879835,1.7234864945021642,-0.5426877047536964,1.4188716260052583,1,-0.004128977421167024,Fraud
-1.0471943181290406,-0.9012577490808332,0.4315233776769493,0.8408068680547464,0.324815804411861,0.1645172875967095,-0.133987147060345,1.4046239061490298,1.824798822520112,-0.5961763390873164,-0.0481887936353356,-1.9295711038746748,0.8938641363925247,1.6905708285789696,-0.5322979948765911,-0.2674827610173516,-0.9723103424436912,0.6907736143694636,-0.3242990449315862,-1.6914258952212282,0.839988279517338,1.8098773741974152,1.9318399862912865,0.7375918579543718,-2.4559335309140518,2.507551288945107,-0.2106911420799487,0.8232488617023194,-0.259519787938437,0.7923643114444812,1,-0.019728753361374973,Fraud
-0.3782146748801978,-0.3665541816736863,1.293388481599389,-0.5150314106700298,-0.4781978179712753,-0.0701371654594224,1.213656796904277,-1.5161771885838051,2.430391729910559,1.7426370204983193,-0.4370717797949183,0.8426344868035628,-0.9545017077417188,-0.7290928482477593,-1.3780248959462504,-2.1716104921378574,-1.7885265892672726,1.1416831762999482,-1.0250732852717086,0.4549389736357836,-0.4768527063374922,2.419197943812619,-0.1945998804941729,-0.1043788504081955,-1.0029884317324442,0.4902159870254003,-1.6029082427955694,-0.1020595491297298,-0.0898206871484957,-0.4936859541157677,1,-0.005205449544985141,Fraud
-1.6674622443309803,0.8019726494530579,-2.9608655196024456,-1.0662810614959275,1.1363017748371722,-0.6487352900482684,-1.410995890403196,0.5814156759725956,2.1344041283910475,-1.7468691343051603,-0.8488983298764382,0.2459145442654051,-1.896346085494233,-0.2508691345248483,-0.1764986254659967,-2.0635112090769314,-0.910545607080231,1.8495324177963388,0.8475854683129823,0.2449375037343971,0.0641402621733972,-0.7898723521160249,0.2400907312809667,-0.5693861130149608,0.433829767166451,-0.837513682304052,-1.7765558611829342,-1.26711320152011,0.3450396072967926,1.205109287557579,1,-0.012169282478418031,Fraud
0.3180548476823958,-0.5092558622344265,-1.6210890341321278,0.5086441953241996,-0.4575730792031962,-0.1399660486101046,1.682736759904618,-0.6937666713933776,-2.3412353083346606,-1.5373773955872705,-0.3248619092313686,-0.430080767847882,-2.1336704425669017,1.297982865580235,0.0297008862321402,-0.5024561615859222,-0.6881077101644478,-0.4443758505734224,1.3442779776772749,0.8586467157037542,-0.7660396923316636,2.7860353685442445,-0.5022977202120004,1.0147945303177992,0.232413220852475,2.7028753771018006,0.0218747887028508,-0.8841441586981567,-0.1983961363977152,-1.284362961432926,1,-0.0005889610884287633,Fraud
0.1157207420423196,-3.586764922735262,1.031367974514903,-0.0128277855037135,-1.023708620778593,-0.2947978712351063,-0.2126559498901538,0.8026083613361562,1.5839724581353636,0.7550197920079684,-1.332682704367437,-0.5806949437425863,-1.0521955563704646,-0.1311129273673375,-0.6148419244777559,0.3254813575263566,1.150936380122412,1.1643105990381355,-1.2254746949626243,0.787252757452633,-0.4423272505193633,0.8629418404177172,-0.8681131818540052,0.2117658666376974,0.0158934655918623,2.278873400648142,1.419708676481085,0.3929258892044736,-0.641456131084141,-2.419870984269133,1,-0.00019647790667221,Fraud
0.5134930933015665,-0.7934137031426967,1.649961097019608,-0.8869945444816499,-1.2897095668759853,0.1098563491356937,-1.4488768056911885,0.656914610347736,-1.5326003315320402,-1.7666706672664891,0.4874622058396955,0.1302919575949404,-1.8028598516229415,1.838589005694192,-0.7116893057855608,0.7789726777434709,1.2120646009465708,1.859113571231656,1.8348293232483897,-0.1756763838075332,-0.1915267746381447,0.738052156906646,0.176556501307127,-1.273978169807648,-1.2395054313119214,0.0589625481112172,0.0214955730304036,2.487076716316066,-1.2331126921188686,1.2068439089379417,1,-0.0033727591331247364,Fraud
1.3361927799173654,0.3329786611977396,-0.559833118176144,0.3016190394332545,0.9209142386660432,-0.8271833070890947,0.5199702624258785,-2.3451848791090164,1.3217269670094507,-0.0800503381011058,1.3177158898614472,-1.167415278620065,-0.9278334646938186,0.3096560362767501,2.893573432979832,-1.2187558927361348,-1.427099078550162,0.1147000896924368,-1.5974688028169397,0.6674055532832179,1.428000508391336,-2.512598279947882,-0.6702041583584338,0.2206508089206059,1.2114179115762875,1.5301465386964457,0.0385027833489761,-1.2544137763179872,-0.7397386783365071,-0.8529037269782949,1,-0.005854457122851209,Fraud
-0.5470658643390389,0.3867660850740983,2.50998415258053,0.0526335313115854,-1.4316250290525572,-0.4796207536126479,0.8879694774143172,-1.7978088115941917,-0.3022621164891643,-0.7855479098663432,2.311239655067975,-0.7289358952749457,-2.4407262820347664,-0.920462635254092,0.6462679870242792,2.4001797064809502,-0.802932425780387,0.9597885749419636,-1.8039893826905515,0.0249100654812668,-0.8905629715033097,2.0285038531686617,1.2438236626374084,0.6499082082345953,-0.718940391888418,0.0233247197753446,0.51074950004739,-1.300964196684357,-0.2406471560318202,-0.9257499363797832,1,-0.02070997656240864,Fraud
0.1727378611378951,-0.5080863147587663,0.0836547935485934,1.1414686415830924,0.5139074772952579,-1.064261193953974,-0.2595404853169104,-2.165788588806119,-1.0292047064295993,1.5787038623609118,-1.0367231139489153,0.3181339224554619,-0.5319830958939235,0.8939500548057714,1.0023378545662296,2.2488283734899897,-0.4008138157313305,0.2558048561223789,-1.735823370037908,0.7824559606136837,-0.6167843688978216,1.7103188394556603,1.198184151043044,1.305610082673212,-1.2124629041095467,0.493204983318415,0.5928393797145077,0.8059267938714973,-0.4908858940486035,-0.4996936771762578,1,-0.0010185624017902128,Fraud
0.589255357936299,-1.5032620001852426,0.051869730150468,-0.8254262174108142,-0.3786720562666766,-1.3321901823337612,-0.949435078154822,1.1839355152971889,0.445009670290901,2.517091629399677,1.0632284627130515,2.280677043686329,-0.6393636645808108,-1.390089550002788,-0.2116740584786322,-1.8637050622123523,-1.1650895237851973,0.4305116489296716,1.4355139261468088,-0.3407776627310135,-0.186046956383937,1.8415378123635744,0.6096322597837835,-0.0930765105342734,0.1849618520204532,0.4180677943605704,1.8396847307930395,-0.8908699158331623,0.1968814444811751,2.521842617562448,1,-0.0024510818270646606,Fraud
-0.3447978212994645,0.5300710470517588,-0.830353720036085,-1.2982959269048195,0.08972725982532,0.0091778848566125,1.0819676347049227,-0.0398872386883839,1.8618967220455196,0.0879958391059404,-0.5778057394499121,0.3009001721667539,-0.9649144826612012,-0.2392851928617531,-1.1339462457166145,-3.412566112104284,1.4707447754386074,-2.094605460211891,2.518292330658793,1.027637237498088,0.2740628721915906,0.7886335146459978,1.1482799369268064,-0.4211611985125552,0.1975045428658683,0.3124862942556566,-1.2814361158868055,-0.9980800828069746,0.5711884247240385,1.6983497481644276,1,-0.008000314689333321,Fraud
1.3317048788927954,-0.2919286582781477,-0.6669921225849678,1.2742117227567753,0.992308327960303,1.459276551486318,1.2718645871237866,2.525671932995002,-0.133450269221213,0.5261334876530106,0.1123961541181755,1.7127903585597712,-0.0174083879591053,2.3561473944216456,3.082614159456721,2.280409654212701,-0.5985511375805588,0.7709221844334047,0.8511200556663037,-1.610859994459668,1.3115747838291367,-0.9635265851005366,-0.0253417134743249,1.1230036480541925,1.0391949743035462,-0.3882388738922336,-0.7609918818110326,-0.9133648726725708,-0.8395588209638761,0.9142102460422322,1,-0.003137071678874115,Fraud
-0.9210519882077812,0.5012462651440258,0.086363098275378,-0.045064945330838,2.216196623158697,-1.0341904782244984,-0.1129349208906294,-0.0018312735572345,1.6374811729366658,-3.279090400069919,0.9652720970258242,1.7086465978502925,-1.6854426237278348,-1.0957921566182744,-1.7995749968954915,-0.4129310503067185,-0.2929363904854327,0.4049447871085477,0.2065371807607922,1.0551127894016905,-0.6708432932898617,-0.3115952008867775,-1.1114074646991778,0.1830594721823739,0.6172337801916423,2.343423390917509,0.2152701550894242,-1.265089581089021,-0.9743572974694902,-0.4191140206604111,1,-0.0011354579280090649,Fraud
-0.3093846041087034,-2.1946628318538246,0.518604781450032,1.216274043586706,0.8700691327270008,-0.8898082148216147,-1.9065746432084287,0.0775523696746769,2.024783502855724,-2.6486879525803864,-0.1041794738524619,-1.1717000041195915,-1.9305002781112608,-1.1870501301443723,-0.4577216998555111,0.0658770642705479,0.2231751716529055,-0.7250633394955867,0.7327438769961911,-0.9236310255544632,1.9045728224101883,1.0337141416873232,0.2815611545398556,2.0823047502268976,-0.7171069926187096,1.680718892389831,0.592936273122998,-0.5532835514219824,1.4167492539677908,0.226602051647434,1,-0.015263761631894635,Fraud
0.9804377014695378,0.7350623487733551,-0.4425998920963437,0.4461292417878656,-1.7515042083436416,-1.1630083311910868,-0.8838106020960758,-0.831432698805449,-1.2357844492285444,-1.7019100727113938,-0.7461010187887078,-2.2123102090485305,1.4736499103939242,0.2034018246413079,0.395937034603647,-1.3336242262172735,0.5531244749075552,0.8375199226754122,2.3596546666933547,1.815498478859832,-0.5996673852506772,-2.115061423178468,-1.7648578993171111,-0.2796252200661352,2.055004771964505,0.3271794054417495,-1.2658736159605437,0.0364504885389005,-2.1911660936616952,-1.0279164214248535,1,-0.00892438795502798,Fraud
0.8349140553920218,0.2256547733597038,-0.4215401380336294,-1.0493055298418097,0.4186268705389279,0.5857137303547773,0.8490986820522048,-0.000971119232935,-1.6684474771541973,0.5000768483689282,-2.479907517775127,-0.2052937557724589,-1.515407681045561,-0.1722092888828162,0.0699524980996495,-0.531609523118352,0.0406184011443255,3.392327197851848,1.5257897778452727,2.5361106534485183,-1.2940078053916166,1.802744169239064,-0.0655380664291314,0.6645399989722103,-0.4408204668230578,0.675880806504172,0.5709405756889887,-0.8951841160376312,-1.2863948694020009,0.7589587765740313,1,-0.02076134136209945,Fraud
-0.9235557509887556,-2.3595579279265477,1.0976501090149324,1.3104668150878862,-0.1499736511216149,-0.76867134974074,1.1825156826898018,2.2551406437264814,1.6192210644988745,-0.4183177628489816,-2.156091674340931,-1.1323305004760154,0.8411145636301489,-0.6557433516618347,0.5871990380100354,-0.1716687657144002,-1.5507186028316753,-0.3957710372685452,-0.1478107468085136,-0.5343552073731739,0.5957156101791097,-0.8841009212145318,1.0187363645863183,-0.5085891188510905,-2.8178959633072846,1.2273343383383777,0.2248013033176189,1.234595018449389,-1.4907734964075996,0.8060976096537604,1,-0.0053677637715951465,Fraud
-0.0469260497687922,0.3648999677216774,-0.0532947976152533,0.5838909417860211,1.206790584175513,-1.6921088124858412,-0.8426917499085333,0.1815659541556246,1.26398179338426,-1.5584283536177133,-1.2538847247996172,-0.0687480676326665,-3.4278692031222424,0.2480946448697139,-0.120963443863091,1.9758424767937883,-0.3854989465754264,0.7747655889062433,-1.0166943931237409,-0.2552641603701862,2.0122730722087967,-2.1664398033992134,-2.2220429549547527,1.3112634940294283,0.1574173733349019,-0.7875437345218841,0.7732563018907816,-0.2132873212231141,1.4983098009091345,-0.5944122496188056,1,-0.002247226223220211,Fraud
-0.0566017305186124,2.1039499718517067,-1.1345369703773855,-0.576593249816555,-0.5347935404626288,-0.3224857795865609,0.9607260716253322,-0.4103205581718531,-0.6686635145144791,-0.3896836221136586,-1.7574424594151137,-1.0291328071573742,1.4017503463836,1.88423494664742,1.5819539117386594,-1.8176853217199411,1.1752638186037356,0.4296213468910857,-0.0368159656564635,-0.8621477705282529,0.8867505919137241,2.8598119714415824,-0.1082457067734591,-1.638114250828664,-1.0505618745014589,-0.9373399664828802,1.9148080376996464,-0.3624697800676242,-0.1143610742820345,-1.9388687570135708,1,-0.005643518496960265,Fraud
0.3572793185189172,-0.7307424383501917,-2.2562674026999,0.4677824499205649,1.2160697312359583,-1.2567356792604267,0.7544005345151011,1.7720424420137624,0.9845311152535758,-5.699969250984878e-05,0.6482028588747467,-0.6441636565831568,1.148347530852585,1.4625159244318628,-0.0462944605533791,-2.049530653884655,0.2886626925436663,2.9110943062779984,0.4838168213918868,-0.261731549748965,1.3920634950468829,-2.736508272653922,1.986444969210745,-0.8116137393474318,0.382429574387963,0.9329115786731524,-0.361413812098183,-1.2203775126788066,0.4694013981795107,-0.4101108335176007,1,-0.007208330194286738,Fraud
0.061802828647187,-0.3555927915666684,1.9993339380376052,-0.4709680727100481,0.5862474183115058,0.3377354846678084,0.7326861911779791,3.0685413134038595,0.0766424712606739,-0.9344662992470012,0.061995744402462,-1.43526470160607,-2.1238418389720475,-0.3684406484195954,-0.5459341460035515,0.4460206003885761,-1.7794687256857575,-0.1313354420123873,1.4132472811768733,0.1347087489383212,-0.1406481437701482,1.846977079181768,0.2903136348897187,0.7309574587262535,0.9220228298799016,-0.5868766173223855,-0.6063221298201948,-0.0521750400054654,0.1664717768914057,2.228113865794368,1,-0.001797604119942675,Fraud
0.8330294791223927,1.414262479048097,-0.3436620601437724,-1.534158693240671,-2.0208612637581176,0.3652558993654431,0.677207090023867,-1.0014633557473938,-0.7372671894869497,2.1566055929947847,1.399707576964788,2.417096007959855,0.4494982730991959,-1.998346101451762,-1.1460002398083806,1.0235395714589952,1.1983072568342663,-1.2836984746326858,0.813930703768835,1.0101836386766632,0.4856082835981568,0.9589862219836864,1.1825847033002763,1.1546893100001918,-1.39117643033307,1.1348177517492923,-0.5436260002256916,-0.4103103145864361,-0.6746071569855097,-0.5878314346106353,1,-0.0008041331721328482,Fraud
0.5818600110809334,2.755440379640839,-2.4038112868039847,0.7357889719375322,0.0726485901586208,-0.6210935101372462,0.7490211046490571,-1.26220705673892,2.054330594645841,1.060886987386976,-0.5545690241243522,-1.9278956047286009,-0.6253417834299576,1.4310384521422197,1.9205507138129827,-0.2372320769251788,0.7116582188455449,-0.4110507213565416,-0.2883419547377885,-0.8744303254752179,1.398707629279978,-0.7080251475262209,0.3956744241845876,0.1739481738285746,2.618785333157778,0.0323112449916761,-0.5045542734288221,-0.7302831047333571,0.9140464528091324,2.022805424812731,1,-0.00036609359418987575,Fraud
